"","stop","Type"
"1",1,"Street"
"2",1,"Street"
"3",1,"Street"
"4",1,"Street"
"5",1,"Street"
"6",1,"Street"
"7",1,"Street"
"8",1,"Street"
"9",1,"Street"
"10",1,"Street"
"11",1,"Street"
"12",1,"Street"
"13",1,"Street"
"14",1,"Street"
"15",1,"Street"
"16",1,"Street"
"17",1,"Street"
"18",1,"Street"
"19",2,"Street"
"20",1,"Street"
"21",2,"Street"
"22",1,"Street"
"23",2,"Street"
"24",1,"Street"
"25",2,"Street"
"26",2,"Street"
"27",2,"Street"
"28",3,"Street"
"29",2,"Street"
"30",2,"Street"
"31",2,"Street"
"32",2,"Street"
"33",2,"Street"
"34",2,"Street"
"35",3,"Street"
"36",2,"Street"
"37",2,"Street"
"38",3,"Street"
"39",2,"Street"
"40",2,"Street"
"41",2,"Street"
"42",3,"Street"
"43",4,"Street"
"44",3,"Street"
"45",3,"Street"
"46",1,"Permanent"
"47",1,"Permanent"
"48",1,"Permanent"
"49",1,"Permanent"
"50",1,"Permanent"
"51",1,"Permanent"
"52",1,"Permanent"
"53",1,"Permanent"
"54",1,"Permanent"
"55",1,"Permanent"
"56",1,"Permanent"
"57",1,"Permanent"
"58",1,"Permanent"
"59",1,"Permanent"
"60",1,"Permanent"
"61",1,"Permanent"
"62",1,"Permanent"
"63",2,"Permanent"
"64",1,"Permanent"
"65",1,"Permanent"
"66",1,"Permanent"
"67",1,"Permanent"
"68",1,"Permanent"
"69",2,"Permanent"
"70",2,"Permanent"
"71",2,"Permanent"
"72",2,"Permanent"
"73",2,"Permanent"
"74",2,"Permanent"
"75",2,"Permanent"
"76",2,"Permanent"
"77",2,"Permanent"
"78",2,"Permanent"
"79",2,"Permanent"
"80",2,"Permanent"
"81",2,"Permanent"
"82",3,"Permanent"
"83",2,"Permanent"
"84",3,"Permanent"
"85",3,"Permanent"
"86",2,"Permanent"
"87",2,"Permanent"
"88",2,"Permanent"
"89",2,"Permanent"
"90",3,"Permanent"
"91",3,"Permanent"
"92",3,"Permanent"
"93",3,"Permanent"
"94",3,"Permanent"
"95",2,"Permanent"
"96",3,"Permanent"
"97",3,"Permanent"
"98",3,"Permanent"
"99",3,"Permanent"
"100",4,"Permanent"
"101",3,"Permanent"
"102",4,"Permanent"
"103",3,"Permanent"
"104",4,"Permanent"
"105",1,"Permanent"
"106",1,"Permanent"
"107",1,"Permanent"
"108",1,"Permanent"
"109",1,"Permanent"
"110",1,"Permanent"
"111",1,"Permanent"
"112",1,"Permanent"
"113",1,"Permanent"
"114",1,"Permanent"
"115",1,"Permanent"
"116",1,"Permanent"
"117",1,"Permanent"
"118",1,"Permanent"
"119",1,"Permanent"
"120",1,"Permanent"
"121",1,"Permanent"
"122",2,"Permanent"
"123",1,"Permanent"
"124",1,"Permanent"
"125",1,"Permanent"
"126",1,"Permanent"
"127",1,"Permanent"
"128",1,"Permanent"
"129",2,"Permanent"
"130",1,"Permanent"
"131",2,"Permanent"
"132",2,"Permanent"
"133",2,"Permanent"
"134",2,"Permanent"
"135",2,"Permanent"
"136",2,"Permanent"
"137",2,"Permanent"
"138",2,"Permanent"
"139",2,"Permanent"
"140",2,"Permanent"
"141",2,"Permanent"
"142",2,"Permanent"
"143",2,"Permanent"
"144",2,"Permanent"
"145",3,"Permanent"
"146",2,"Permanent"
"147",2,"Permanent"
"148",2,"Permanent"
"149",3,"Permanent"
"150",2,"Permanent"
"151",3,"Permanent"
"152",3,"Permanent"
"153",3,"Permanent"
"154",3,"Permanent"
"155",3,"Permanent"
"156",2,"Permanent"
"157",3,"Permanent"
"158",2,"Permanent"
"159",3,"Permanent"
"160",3,"Permanent"
"161",3,"Permanent"
"162",4,"Permanent"
"163",1,"Permanent"
"164",1,"Permanent"
"165",1,"Permanent"
"166",1,"Permanent"
"167",1,"Permanent"
"168",1,"Permanent"
"169",1,"Permanent"
"170",1,"Permanent"
"171",1,"Permanent"
"172",1,"Permanent"
"173",1,"Permanent"
"174",1,"Permanent"
"175",1,"Permanent"
"176",1,"Permanent"
"177",1,"Permanent"
"178",1,"Permanent"
"179",1,"Permanent"
"180",1,"Permanent"
"181",1,"Permanent"
"182",2,"Permanent"
"183",1,"Permanent"
"184",1,"Permanent"
"185",1,"Permanent"
"186",2,"Permanent"
"187",1,"Permanent"
"188",2,"Permanent"
"189",2,"Permanent"
"190",2,"Permanent"
"191",2,"Permanent"
"192",2,"Permanent"
"193",2,"Permanent"
"194",2,"Permanent"
"195",2,"Permanent"
"196",2,"Permanent"
"197",2,"Permanent"
"198",2,"Permanent"
"199",2,"Permanent"
"200",2,"Permanent"
"201",2,"Permanent"
"202",2,"Permanent"
"203",2,"Permanent"
"204",2,"Permanent"
"205",2,"Permanent"
"206",2,"Permanent"
"207",3,"Permanent"
"208",2,"Permanent"
"209",3,"Permanent"
"210",3,"Permanent"
"211",3,"Permanent"
"212",3,"Permanent"
"213",2,"Permanent"
"214",3,"Permanent"
"215",3,"Permanent"
"216",3,"Permanent"
"217",3,"Permanent"
"218",3,"Permanent"
"219",3,"Permanent"
"220",3,"Permanent"
"221",3,"Permanent"
"222",3,"Permanent"
"223",3,"Permanent"
"224",3,"Permanent"
"225",3,"Permanent"
"226",3,"Permanent"
"227",3,"Permanent"
"228",4,"Permanent"
"229",3,"Permanent"
"230",4,"Permanent"
"231",4,"Permanent"
"232",4,"Permanent"
"233",4,"Permanent"
"234",4,"Permanent"
"235",4,"Permanent"
"236",4,"Permanent"
"237",4,"Permanent"
"238",4,"Permanent"
"239",4,"Permanent"
"240",4,"Permanent"
"241",4,"Permanent"
"242",3,"Permanent"
"243",3,"Permanent"
"244",4,"Permanent"
"245",1,"Permanent"
"246",1,"Permanent"
"247",1,"Permanent"
"248",1,"Permanent"
"249",1,"Permanent"
"250",1,"Permanent"
"251",1,"Permanent"
"252",1,"Permanent"
"253",1,"Permanent"
"254",1,"Permanent"
"255",1,"Permanent"
"256",1,"Permanent"
"257",1,"Permanent"
"258",1,"Permanent"
"259",1,"Permanent"
"260",1,"Permanent"
"261",1,"Permanent"
"262",1,"Permanent"
"263",1,"Permanent"
"264",1,"Permanent"
"265",1,"Permanent"
"266",1,"Permanent"
"267",1,"Permanent"
"268",2,"Permanent"
"269",2,"Permanent"
"270",2,"Permanent"
"271",2,"Permanent"
"272",2,"Permanent"
"273",1,"Permanent"
"274",2,"Permanent"
"275",2,"Permanent"
"276",2,"Permanent"
"277",2,"Permanent"
"278",2,"Permanent"
"279",2,"Permanent"
"280",2,"Permanent"
"281",2,"Permanent"
"282",3,"Permanent"
"283",3,"Permanent"
"284",2,"Permanent"
"285",2,"Permanent"
"286",2,"Permanent"
"287",2,"Permanent"
"288",2,"Permanent"
"289",2,"Permanent"
"290",2,"Permanent"
"291",3,"Permanent"
"292",3,"Permanent"
"293",2,"Permanent"
"294",3,"Permanent"
"295",3,"Permanent"
"296",3,"Permanent"
"297",2,"Permanent"
"298",3,"Permanent"
"299",4,"Permanent"
"300",2,"Permanent"
"301",3,"Permanent"
"302",3,"Permanent"
"303",3,"Permanent"
"304",3,"Permanent"
"305",3,"Permanent"
"306",3,"Permanent"
"307",3,"Permanent"
"308",4,"Permanent"
"309",4,"Permanent"
"310",3,"Permanent"
"311",3,"Permanent"
"312",4,"Permanent"
"313",3,"Permanent"
"314",3,"Permanent"
"315",3,"Permanent"
"316",4,"Permanent"
"317",3,"Permanent"
"318",3,"Permanent"
"319",4,"Permanent"
"320",3,"Permanent"
"321",4,"Permanent"
"322",1,"Street"
"323",1,"Street"
"324",1,"Street"
"325",1,"Street"
"326",1,"Street"
"327",1,"Street"
"328",1,"Street"
"329",1,"Street"
"330",1,"Street"
"331",1,"Street"
"332",1,"Street"
"333",1,"Street"
"334",1,"Street"
"335",1,"Street"
"336",2,"Street"
"337",1,"Street"
"338",1,"Street"
"339",1,"Street"
"340",2,"Street"
"341",3,"Street"
"342",1,"Street"
"343",1,"Street"
"344",2,"Street"
"345",2,"Street"
"346",1,"Street"
"347",1,"Street"
"348",1,"Street"
"349",1,"Street"
"350",2,"Street"
"351",2,"Street"
"352",2,"Street"
"353",3,"Street"
"354",3,"Street"
"355",2,"Street"
"356",3,"Street"
"357",2,"Street"
"358",2,"Street"
"359",2,"Street"
"360",2,"Street"
"361",2,"Street"
"362",2,"Street"
"363",2,"Street"
"364",2,"Street"
"365",1,"Street"
"366",1,"Street"
"367",2,"Street"
"368",1,"Street"
"369",1,"Street"
"370",1,"Street"
"371",1,"Street"
"372",1,"Street"
"373",1,"Street"
"374",1,"Street"
"375",1,"Street"
"376",2,"Street"
"377",3,"Street"
"378",2,"Street"
"379",1,"Street"
"380",2,"Street"
"381",1,"Street"
"382",1,"Street"
"383",2,"Street"
"384",1,"Street"
"385",1,"Street"
"386",2,"Street"
"387",1,"Street"
"388",2,"Street"
"389",2,"Street"
"390",3,"Street"
"391",3,"Street"
"392",2,"Street"
"393",1,"Street"
"394",3,"Street"
"395",3,"Street"
"396",1,"Street"
"397",1,"Street"
"398",4,"Street"
"399",1,"Street"
"400",2,"Street"
"401",3,"Street"
"402",2,"Street"
"403",1,"Street"
"404",2,"Street"
"405",1,"Street"
"406",2,"Street"
"407",3,"Street"
"408",3,"Street"
"409",2,"Street"
"410",4,"Street"
"411",2,"Street"
"412",1,"Street"
"413",5,"Street"
"414",2,"Street"
"415",3,"Street"
"416",4,"Street"
"417",3,"Street"
"418",4,"Street"
"419",4,"Street"
"420",3,"Street"
"421",6,"Street"
"422",3,"Street"
"423",4,"Street"
"424",2,"Street"
"425",2,"Street"
"426",4,"Street"
"427",3,"Street"
"428",2,"Street"
"429",2,"Street"
"430",3,"Street"
"431",5,"Street"
"432",3,"Street"
"433",3,"Street"
"434",2,"Street"
"435",2,"Street"
"436",4,"Street"
"437",4,"Street"
"438",4,"Street"
"439",5,"Street"
"440",1,"Street"
"441",1,"Street"
"442",1,"Street"
"443",1,"Street"
"444",1,"Street"
"445",1,"Street"
"446",1,"Street"
"447",1,"Street"
"448",1,"Street"
"449",1,"Street"
"450",1,"Street"
"451",1,"Street"
"452",1,"Street"
"453",1,"Street"
"454",1,"Street"
"455",1,"Street"
"456",1,"Street"
"457",1,"Street"
"458",2,"Street"
"459",1,"Street"
"460",1,"Street"
"461",1,"Street"
"462",1,"Street"
"463",1,"Street"
"464",2,"Street"
"465",1,"Street"
"466",2,"Street"
"467",2,"Street"
"468",2,"Street"
"469",2,"Street"
"470",2,"Street"
"471",2,"Street"
"472",2,"Street"
"473",2,"Street"
"474",2,"Street"
"475",2,"Street"
"476",2,"Street"
"477",2,"Street"
"478",2,"Street"
"479",2,"Street"
"480",2,"Street"
"481",2,"Street"
"482",3,"Street"
"483",2,"Street"
"484",2,"Street"
"485",2,"Street"
"486",3,"Street"
"487",3,"Street"
"488",3,"Street"
"489",3,"Street"
"490",3,"Street"
"491",2,"Street"
"492",3,"Street"
"493",3,"Street"
"494",2,"Street"
"495",3,"Street"
"496",3,"Street"
"497",3,"Street"
"498",3,"Street"
"499",3,"Street"
"500",3,"Street"
"501",3,"Street"
"502",3,"Street"
"503",3,"Street"
"504",3,"Street"
"505",1,"Permanent"
"506",1,"Permanent"
"507",1,"Permanent"
"508",1,"Permanent"
"509",1,"Permanent"
"510",1,"Permanent"
"511",1,"Permanent"
"512",1,"Permanent"
"513",1,"Permanent"
"514",1,"Permanent"
"515",1,"Permanent"
"516",1,"Permanent"
"517",1,"Permanent"
"518",1,"Permanent"
"519",1,"Permanent"
"520",1,"Permanent"
"521",1,"Permanent"
"522",1,"Permanent"
"523",1,"Permanent"
"524",1,"Permanent"
"525",1,"Permanent"
"526",1,"Permanent"
"527",2,"Permanent"
"528",2,"Permanent"
"529",2,"Permanent"
"530",2,"Permanent"
"531",2,"Permanent"
"532",2,"Permanent"
"533",2,"Permanent"
"534",2,"Permanent"
"535",2,"Permanent"
"536",2,"Permanent"
"537",3,"Permanent"
"538",2,"Permanent"
"539",2,"Permanent"
"540",2,"Permanent"
"541",2,"Permanent"
"542",2,"Permanent"
"543",2,"Permanent"
"544",2,"Permanent"
"545",2,"Permanent"
"546",3,"Permanent"
"547",2,"Permanent"
"548",2,"Permanent"
"549",2,"Permanent"
"550",3,"Permanent"
"551",3,"Permanent"
"552",3,"Permanent"
"553",3,"Permanent"
"554",2,"Permanent"
"555",3,"Permanent"
"556",3,"Permanent"
"557",3,"Permanent"
"558",3,"Permanent"
"559",1,"Permanent"
"560",1,"Permanent"
"561",1,"Permanent"
"562",1,"Permanent"
"563",1,"Permanent"
"564",1,"Permanent"
"565",1,"Permanent"
"566",1,"Permanent"
"567",1,"Permanent"
"568",1,"Permanent"
"569",1,"Permanent"
"570",1,"Permanent"
"571",1,"Permanent"
"572",1,"Permanent"
"573",1,"Permanent"
"574",1,"Permanent"
"575",1,"Permanent"
"576",1,"Permanent"
"577",1,"Permanent"
"578",1,"Permanent"
"579",1,"Permanent"
"580",1,"Permanent"
"581",2,"Permanent"
"582",2,"Permanent"
"583",2,"Permanent"
"584",2,"Permanent"
"585",2,"Permanent"
"586",2,"Permanent"
"587",2,"Permanent"
"588",2,"Permanent"
"589",2,"Permanent"
"590",2,"Permanent"
"591",2,"Permanent"
"592",2,"Permanent"
"593",2,"Permanent"
"594",2,"Permanent"
"595",2,"Permanent"
"596",2,"Permanent"
"597",3,"Permanent"
"598",2,"Permanent"
"599",2,"Permanent"
"600",2,"Permanent"
"601",2,"Permanent"
"602",3,"Permanent"
"603",3,"Permanent"
"604",3,"Permanent"
"605",3,"Permanent"
"606",3,"Permanent"
"607",3,"Permanent"
"608",3,"Permanent"
"609",1,"Permanent"
"610",1,"Permanent"
"611",1,"Permanent"
"612",1,"Permanent"
"613",1,"Permanent"
"614",1,"Permanent"
"615",1,"Permanent"
"616",1,"Permanent"
"617",1,"Permanent"
"618",1,"Permanent"
"619",1,"Permanent"
"620",1,"Permanent"
"621",1,"Permanent"
"622",1,"Permanent"
"623",1,"Permanent"
"624",1,"Permanent"
"625",1,"Permanent"
"626",1,"Permanent"
"627",1,"Permanent"
"628",1,"Permanent"
"629",1,"Permanent"
"630",1,"Permanent"
"631",1,"Permanent"
"632",1,"Permanent"
"633",2,"Permanent"
"634",2,"Permanent"
"635",2,"Permanent"
"636",2,"Permanent"
"637",2,"Permanent"
"638",2,"Permanent"
"639",2,"Permanent"
"640",2,"Permanent"
"641",2,"Permanent"
"642",2,"Permanent"
"643",2,"Permanent"
"644",2,"Permanent"
"645",2,"Permanent"
"646",2,"Permanent"
"647",2,"Permanent"
"648",2,"Permanent"
"649",2,"Permanent"
"650",2,"Permanent"
"651",2,"Permanent"
"652",3,"Permanent"
"653",2,"Permanent"
"654",2,"Permanent"
"655",2,"Permanent"
"656",3,"Permanent"
"657",2,"Permanent"
"658",3,"Permanent"
"659",3,"Permanent"
"660",3,"Permanent"
"661",3,"Permanent"
"662",3,"Permanent"
"663",3,"Permanent"
"664",3,"Permanent"
"665",3,"Permanent"
"666",3,"Permanent"
"667",3,"Permanent"
"668",3,"Permanent"
"669",4,"Permanent"
"670",3,"Permanent"
"671",4,"Permanent"
"672",3,"Permanent"
"673",3,"Permanent"
"674",3,"Permanent"
"675",4,"Permanent"
"676",3,"Permanent"
"677",4,"Permanent"
"678",4,"Permanent"
"679",3,"Permanent"
"680",4,"Permanent"
"681",4,"Permanent"
"682",4,"Permanent"
"683",5,"Permanent"
"684",5,"Permanent"
"685",5,"Permanent"
"686",4,"Permanent"
"687",5,"Permanent"
"688",4,"Permanent"
"689",4,"Permanent"
"690",4,"Permanent"
"691",5,"Permanent"
"692",5,"Permanent"
"693",3,"Permanent"
"694",6,"Permanent"
"695",4,"Permanent"
"696",3,"Permanent"
"697",1,"Permanent"
"698",1,"Permanent"
"699",1,"Permanent"
"700",1,"Permanent"
"701",1,"Permanent"
"702",1,"Permanent"
"703",1,"Permanent"
"704",1,"Permanent"
"705",2,"Permanent"
"706",1,"Permanent"
"707",2,"Permanent"
"708",1,"Permanent"
"709",1,"Permanent"
"710",1,"Permanent"
"711",1,"Permanent"
"712",1,"Permanent"
"713",1,"Permanent"
"714",2,"Permanent"
"715",1,"Permanent"
"716",1,"Permanent"
"717",2,"Permanent"
"718",2,"Permanent"
"719",1,"Permanent"
"720",1,"Permanent"
"721",1,"Permanent"
"722",2,"Permanent"
"723",1,"Permanent"
"724",1,"Permanent"
"725",3,"Permanent"
"726",3,"Permanent"
"727",2,"Permanent"
"728",3,"Permanent"
"729",2,"Permanent"
"730",2,"Permanent"
"731",2,"Permanent"
"732",2,"Permanent"
"733",3,"Permanent"
"734",2,"Permanent"
"735",2,"Permanent"
"736",2,"Permanent"
"737",2,"Permanent"
"738",2,"Permanent"
"739",2,"Permanent"
"740",3,"Permanent"
"741",2,"Permanent"
"742",2,"Permanent"
"743",3,"Permanent"
"744",3,"Permanent"
"745",3,"Permanent"
"746",4,"Permanent"
"747",2,"Permanent"
"748",3,"Permanent"
"749",1,"Permanent"
"750",1,"Permanent"
"751",1,"Permanent"
"752",1,"Permanent"
"753",1,"Permanent"
"754",1,"Permanent"
"755",1,"Permanent"
"756",1,"Permanent"
"757",1,"Permanent"
"758",1,"Permanent"
"759",2,"Permanent"
"760",1,"Permanent"
"761",1,"Permanent"
"762",2,"Permanent"
"763",1,"Permanent"
"764",1,"Permanent"
"765",1,"Permanent"
"766",1,"Permanent"
"767",1,"Permanent"
"768",2,"Permanent"
"769",2,"Permanent"
"770",2,"Permanent"
"771",2,"Permanent"
"772",2,"Permanent"
"773",2,"Permanent"
"774",2,"Permanent"
"775",2,"Permanent"
"776",2,"Permanent"
"777",2,"Permanent"
"778",2,"Permanent"
"779",2,"Permanent"
"780",2,"Permanent"
"781",3,"Permanent"
"782",2,"Permanent"
"783",2,"Permanent"
"784",1,"Street"
"785",1,"Street"
"786",1,"Street"
"787",1,"Street"
"788",1,"Street"
"789",1,"Street"
"790",1,"Street"
"791",1,"Street"
"792",1,"Street"
"793",1,"Street"
"794",1,"Street"
"795",2,"Street"
"796",1,"Street"
"797",1,"Street"
"798",2,"Street"
"799",2,"Street"
"800",1,"Street"
"801",1,"Street"
"802",1,"Street"
"803",1,"Street"
"804",3,"Street"
"805",1,"Street"
"806",1,"Street"
"807",1,"Street"
"808",2,"Street"
"809",1,"Street"
"810",1,"Street"
"811",1,"Street"
"812",2,"Street"
"813",2,"Street"
"814",2,"Street"
"815",3,"Street"
"816",2,"Street"
"817",2,"Street"
"818",2,"Street"
"819",2,"Street"
"820",2,"Street"
"821",2,"Street"
"822",2,"Street"
"823",2,"Street"
"824",2,"Street"
"825",3,"Street"
"826",2,"Street"
"827",3,"Street"
"828",3,"Street"
"829",4,"Street"
"830",2,"Street"
"831",2,"Street"
"832",2,"Street"
"833",2,"Street"
"834",2,"Street"
"835",2,"Street"
"836",3,"Street"
"837",3,"Street"
"838",4,"Street"
"839",3,"Street"
"840",3,"Street"
"841",3,"Street"
"842",3,"Street"
"843",3,"Street"
"844",5,"Street"
"845",3,"Street"
"846",3,"Street"
"847",3,"Street"
"848",3,"Street"
"849",3,"Street"
"850",4,"Street"
"851",4,"Street"
"852",4,"Street"
"853",1,"Permanent"
"854",1,"Permanent"
"855",1,"Permanent"
"856",1,"Permanent"
"857",1,"Permanent"
"858",1,"Permanent"
"859",1,"Permanent"
"860",1,"Permanent"
"861",1,"Permanent"
"862",1,"Permanent"
"863",1,"Permanent"
"864",1,"Permanent"
"865",1,"Permanent"
"866",1,"Permanent"
"867",1,"Permanent"
"868",1,"Permanent"
"869",1,"Permanent"
"870",1,"Permanent"
"871",1,"Permanent"
"872",1,"Permanent"
"873",1,"Permanent"
"874",1,"Permanent"
"875",1,"Permanent"
"876",2,"Permanent"
"877",2,"Permanent"
"878",2,"Permanent"
"879",2,"Permanent"
"880",1,"Permanent"
"881",2,"Permanent"
"882",2,"Permanent"
"883",2,"Permanent"
"884",2,"Permanent"
"885",2,"Permanent"
"886",2,"Permanent"
"887",2,"Permanent"
"888",2,"Permanent"
"889",2,"Permanent"
"890",2,"Permanent"
"891",2,"Permanent"
"892",2,"Permanent"
"893",2,"Permanent"
"894",2,"Permanent"
"895",2,"Permanent"
"896",3,"Permanent"
"897",3,"Permanent"
"898",3,"Permanent"
"899",3,"Permanent"
"900",2,"Permanent"
"901",3,"Permanent"
"902",3,"Permanent"
"903",2,"Permanent"
"904",3,"Permanent"
"905",3,"Permanent"
"906",2,"Permanent"
"907",3,"Permanent"
"908",3,"Permanent"
"909",3,"Permanent"
"910",3,"Permanent"
"911",3,"Permanent"
"912",3,"Permanent"
"913",2,"Permanent"
"914",3,"Permanent"
"915",3,"Permanent"
"916",3,"Permanent"
"917",3,"Permanent"
"918",1,"Permanent"
"919",1,"Permanent"
"920",1,"Permanent"
"921",1,"Permanent"
"922",1,"Permanent"
"923",1,"Permanent"
"924",1,"Permanent"
"925",1,"Permanent"
"926",1,"Permanent"
"927",1,"Permanent"
"928",1,"Permanent"
"929",1,"Permanent"
"930",1,"Permanent"
"931",1,"Permanent"
"932",1,"Permanent"
"933",1,"Permanent"
"934",1,"Permanent"
"935",1,"Permanent"
"936",1,"Permanent"
"937",1,"Permanent"
"938",1,"Permanent"
"939",1,"Permanent"
"940",1,"Permanent"
"941",1,"Permanent"
"942",2,"Permanent"
"943",2,"Permanent"
"944",2,"Permanent"
"945",2,"Permanent"
"946",3,"Permanent"
"947",2,"Permanent"
"948",2,"Permanent"
"949",2,"Permanent"
"950",2,"Permanent"
"951",2,"Permanent"
"952",2,"Permanent"
"953",2,"Permanent"
"954",2,"Permanent"
"955",2,"Permanent"
"956",2,"Permanent"
"957",2,"Permanent"
"958",2,"Permanent"
"959",2,"Permanent"
"960",2,"Permanent"
"961",2,"Permanent"
"962",2,"Permanent"
"963",3,"Permanent"
"964",2,"Permanent"
"965",2,"Permanent"
"966",3,"Permanent"
"967",3,"Permanent"
"968",1,"Permanent"
"969",1,"Permanent"
"970",1,"Permanent"
"971",1,"Permanent"
"972",1,"Permanent"
"973",1,"Permanent"
"974",1,"Permanent"
"975",1,"Permanent"
"976",1,"Permanent"
"977",1,"Permanent"
"978",1,"Permanent"
"979",1,"Permanent"
"980",1,"Permanent"
"981",1,"Permanent"
"982",1,"Permanent"
"983",1,"Permanent"
"984",1,"Permanent"
"985",2,"Permanent"
"986",1,"Permanent"
"987",1,"Permanent"
"988",1,"Permanent"
"989",1,"Permanent"
"990",2,"Permanent"
"991",1,"Permanent"
"992",2,"Permanent"
"993",2,"Permanent"
"994",3,"Permanent"
"995",2,"Permanent"
"996",2,"Permanent"
"997",2,"Permanent"
"998",2,"Permanent"
"999",2,"Permanent"
"1000",2,"Permanent"
"1001",2,"Permanent"
"1002",3,"Permanent"
"1003",2,"Permanent"
"1004",2,"Permanent"
"1005",3,"Permanent"
"1006",2,"Permanent"
"1007",2,"Permanent"
"1008",2,"Permanent"
"1009",2,"Permanent"
"1010",2,"Permanent"
"1011",2,"Permanent"
"1012",2,"Permanent"
"1013",3,"Permanent"
"1014",3,"Permanent"
"1015",1,"Permanent"
"1016",1,"Permanent"
"1017",1,"Permanent"
"1018",1,"Permanent"
"1019",1,"Permanent"
"1020",1,"Permanent"
"1021",1,"Permanent"
"1022",1,"Permanent"
"1023",1,"Permanent"
"1024",1,"Permanent"
"1025",1,"Permanent"
"1026",1,"Permanent"
"1027",1,"Permanent"
"1028",1,"Permanent"
"1029",1,"Permanent"
"1030",1,"Permanent"
"1031",1,"Permanent"
"1032",2,"Permanent"
"1033",1,"Permanent"
"1034",1,"Permanent"
"1035",1,"Permanent"
"1036",1,"Permanent"
"1037",2,"Permanent"
"1038",2,"Permanent"
"1039",2,"Permanent"
"1040",2,"Permanent"
"1041",2,"Permanent"
"1042",2,"Permanent"
"1043",2,"Permanent"
"1044",2,"Permanent"
"1045",3,"Permanent"
"1046",2,"Permanent"
"1047",2,"Permanent"
"1048",2,"Permanent"
"1049",2,"Permanent"
"1050",2,"Permanent"
"1051",2,"Permanent"
"1052",2,"Permanent"
"1053",2,"Permanent"
"1054",2,"Permanent"
"1055",2,"Permanent"
"1056",3,"Permanent"
"1057",1,"Permanent"
"1058",1,"Permanent"
"1059",1,"Permanent"
"1060",1,"Permanent"
"1061",1,"Permanent"
"1062",1,"Permanent"
"1063",1,"Permanent"
"1064",1,"Permanent"
"1065",1,"Permanent"
"1066",1,"Permanent"
"1067",1,"Permanent"
"1068",1,"Permanent"
"1069",1,"Permanent"
"1070",1,"Permanent"
"1071",2,"Permanent"
"1072",1,"Permanent"
"1073",1,"Permanent"
"1074",1,"Permanent"
"1075",1,"Permanent"
"1076",1,"Permanent"
"1077",1,"Permanent"
"1078",1,"Permanent"
"1079",1,"Permanent"
"1080",1,"Permanent"
"1081",1,"Permanent"
"1082",3,"Permanent"
"1083",2,"Permanent"
"1084",2,"Permanent"
"1085",2,"Permanent"
"1086",2,"Permanent"
"1087",2,"Permanent"
"1088",2,"Permanent"
"1089",2,"Permanent"
"1090",2,"Permanent"
"1091",2,"Permanent"
"1092",2,"Permanent"
"1093",2,"Permanent"
"1094",2,"Permanent"
"1095",2,"Permanent"
"1096",2,"Permanent"
"1097",2,"Permanent"
"1098",2,"Permanent"
"1099",2,"Permanent"
"1100",3,"Permanent"
"1101",2,"Permanent"
"1102",2,"Permanent"
"1103",3,"Permanent"
"1104",3,"Permanent"
"1105",2,"Permanent"
"1106",2,"Permanent"
"1107",4,"Permanent"
"1108",3,"Permanent"
"1109",3,"Permanent"
"1110",3,"Permanent"
"1111",3,"Permanent"
"1112",3,"Permanent"
"1113",3,"Permanent"
"1114",3,"Permanent"
"1115",1,"Street"
"1116",1,"Street"
"1117",1,"Street"
"1118",1,"Street"
"1119",1,"Street"
"1120",1,"Street"
"1121",1,"Street"
"1122",1,"Street"
"1123",1,"Street"
"1124",1,"Street"
"1125",1,"Street"
"1126",1,"Street"
"1127",1,"Street"
"1128",1,"Street"
"1129",1,"Street"
"1130",1,"Street"
"1131",1,"Street"
"1132",1,"Street"
"1133",2,"Street"
"1134",1,"Street"
"1135",2,"Street"
"1136",2,"Street"
"1137",2,"Street"
"1138",2,"Street"
"1139",2,"Street"
"1140",2,"Street"
"1141",2,"Street"
"1142",2,"Street"
"1143",2,"Street"
"1144",2,"Street"
"1145",2,"Street"
"1146",2,"Street"
"1147",2,"Street"
"1148",2,"Street"
"1149",2,"Street"
"1150",2,"Street"
"1151",3,"Street"
"1152",3,"Street"
"1153",3,"Street"
"1154",3,"Street"
"1155",3,"Street"
"1156",1,"Permanent"
"1157",1,"Permanent"
"1158",1,"Permanent"
"1159",1,"Permanent"
"1160",1,"Permanent"
"1161",1,"Permanent"
"1162",1,"Permanent"
"1163",1,"Permanent"
"1164",1,"Permanent"
"1165",1,"Permanent"
"1166",1,"Permanent"
"1167",1,"Permanent"
"1168",1,"Permanent"
"1169",1,"Permanent"
"1170",1,"Permanent"
"1171",1,"Permanent"
"1172",1,"Permanent"
"1173",1,"Permanent"
"1174",1,"Permanent"
"1175",1,"Permanent"
"1176",2,"Permanent"
"1177",2,"Permanent"
"1178",2,"Permanent"
"1179",2,"Permanent"
"1180",2,"Permanent"
"1181",1,"Permanent"
"1182",2,"Permanent"
"1183",2,"Permanent"
"1184",3,"Permanent"
"1185",2,"Permanent"
"1186",2,"Permanent"
"1187",2,"Permanent"
"1188",2,"Permanent"
"1189",2,"Permanent"
"1190",2,"Permanent"
"1191",2,"Permanent"
"1192",2,"Permanent"
"1193",2,"Permanent"
"1194",2,"Permanent"
"1195",2,"Permanent"
"1196",1,"Permanent"
"1197",2,"Permanent"
"1198",2,"Permanent"
"1199",1,"Permanent"
"1200",3,"Permanent"
"1201",3,"Permanent"
"1202",2,"Permanent"
"1203",3,"Permanent"
"1204",4,"Permanent"
"1205",3,"Permanent"
"1206",3,"Permanent"
"1207",3,"Permanent"
"1208",4,"Permanent"
"1209",2,"Permanent"
"1210",4,"Permanent"
"1211",4,"Permanent"
"1212",3,"Permanent"
"1213",3,"Permanent"
"1214",4,"Permanent"
"1215",3,"Permanent"
"1216",4,"Permanent"
"1217",4,"Permanent"
"1218",5,"Permanent"
"1219",3,"Permanent"
"1220",3,"Permanent"
"1221",3,"Permanent"
"1222",3,"Permanent"
"1223",3,"Permanent"
"1224",3,"Permanent"
"1225",2,"Permanent"
"1226",3,"Permanent"
"1227",3,"Permanent"
"1228",3,"Permanent"
"1229",3,"Permanent"
"1230",3,"Permanent"
"1231",4,"Permanent"
"1232",2,"Permanent"
"1233",2,"Permanent"
"1234",2,"Permanent"
"1235",2,"Permanent"
"1236",2,"Permanent"
"1237",2,"Permanent"
"1238",2,"Permanent"
"1239",3,"Permanent"
"1240",2,"Permanent"
"1241",2,"Permanent"
"1242",2,"Permanent"
"1243",2,"Permanent"
"1244",2,"Permanent"
"1245",2,"Permanent"
"1246",2,"Permanent"
"1247",2,"Permanent"
"1248",3,"Permanent"
"1249",2,"Permanent"
"1250",2,"Permanent"
"1251",2,"Permanent"
"1252",3,"Permanent"
"1253",3,"Permanent"
"1254",3,"Permanent"
"1255",3,"Permanent"
"1256",2,"Permanent"
"1257",3,"Permanent"
"1258",3,"Permanent"
"1259",1,"Permanent"
"1260",1,"Permanent"
"1261",1,"Permanent"
"1262",1,"Permanent"
"1263",1,"Permanent"
"1264",1,"Permanent"
"1265",1,"Permanent"
"1266",1,"Permanent"
"1267",1,"Permanent"
"1268",1,"Permanent"
"1269",1,"Permanent"
"1270",1,"Permanent"
"1271",1,"Permanent"
"1272",1,"Permanent"
"1273",1,"Permanent"
"1274",1,"Permanent"
"1275",1,"Permanent"
"1276",1,"Permanent"
"1277",1,"Permanent"
"1278",1,"Permanent"
"1279",1,"Permanent"
"1280",1,"Permanent"
"1281",1,"Permanent"
"1282",1,"Permanent"
"1283",2,"Permanent"
"1284",2,"Permanent"
"1285",2,"Permanent"
"1286",2,"Permanent"
"1287",1,"Permanent"
"1288",1,"Permanent"
"1289",1,"Permanent"
"1290",1,"Permanent"
"1291",1,"Permanent"
"1292",1,"Permanent"
"1293",1,"Permanent"
"1294",1,"Permanent"
"1295",1,"Permanent"
"1296",1,"Permanent"
"1297",1,"Permanent"
"1298",1,"Permanent"
"1299",1,"Permanent"
"1300",1,"Permanent"
"1301",1,"Permanent"
"1302",1,"Permanent"
"1303",1,"Permanent"
"1304",1,"Permanent"
"1305",1,"Permanent"
"1306",1,"Permanent"
"1307",1,"Permanent"
"1308",1,"Permanent"
"1309",2,"Permanent"
"1310",1,"Permanent"
"1311",1,"Permanent"
"1312",2,"Permanent"
"1313",2,"Permanent"
"1314",2,"Permanent"
"1315",2,"Permanent"
"1316",2,"Permanent"
"1317",2,"Permanent"
"1318",2,"Permanent"
"1319",2,"Permanent"
"1320",2,"Permanent"
"1321",2,"Permanent"
"1322",2,"Permanent"
"1323",2,"Permanent"
"1324",2,"Permanent"
"1325",2,"Permanent"
"1326",2,"Permanent"
"1327",2,"Permanent"
"1328",2,"Permanent"
"1329",2,"Permanent"
"1330",2,"Permanent"
"1331",2,"Permanent"
"1332",3,"Permanent"
"1333",2,"Permanent"
"1334",2,"Permanent"
"1335",3,"Permanent"
"1336",3,"Permanent"
"1337",3,"Permanent"
"1338",3,"Permanent"
"1339",3,"Permanent"
"1340",3,"Permanent"
"1341",3,"Permanent"
"1342",3,"Permanent"
"1343",3,"Permanent"
"1344",3,"Permanent"
"1345",3,"Permanent"
"1346",4,"Permanent"
"1347",3,"Permanent"
"1348",3,"Permanent"
"1349",3,"Permanent"
"1350",3,"Permanent"
"1351",3,"Permanent"
"1352",3,"Permanent"
"1353",3,"Permanent"
"1354",3,"Permanent"
"1355",4,"Permanent"
"1356",3,"Permanent"
"1357",4,"Permanent"
"1358",1,"Permanent"
"1359",1,"Permanent"
"1360",1,"Permanent"
"1361",1,"Permanent"
"1362",1,"Permanent"
"1363",1,"Permanent"
"1364",1,"Permanent"
"1365",1,"Permanent"
"1366",1,"Permanent"
"1367",1,"Permanent"
"1368",1,"Permanent"
"1369",1,"Permanent"
"1370",1,"Permanent"
"1371",1,"Permanent"
"1372",1,"Permanent"
"1373",1,"Permanent"
"1374",1,"Permanent"
"1375",1,"Permanent"
"1376",1,"Permanent"
"1377",1,"Permanent"
"1378",1,"Permanent"
"1379",1,"Permanent"
"1380",1,"Permanent"
"1381",2,"Permanent"
"1382",2,"Permanent"
"1383",2,"Permanent"
"1384",2,"Permanent"
"1385",2,"Permanent"
"1386",2,"Permanent"
"1387",2,"Permanent"
"1388",2,"Permanent"
"1389",2,"Permanent"
"1390",2,"Permanent"
"1391",2,"Permanent"
"1392",2,"Permanent"
"1393",2,"Permanent"
"1394",2,"Permanent"
"1395",2,"Permanent"
"1396",2,"Permanent"
"1397",2,"Permanent"
"1398",2,"Permanent"
"1399",2,"Permanent"
"1400",2,"Permanent"
"1401",2,"Permanent"
"1402",3,"Permanent"
"1403",3,"Permanent"
"1404",2,"Permanent"
"1405",3,"Permanent"
"1406",3,"Permanent"
"1407",3,"Permanent"
"1408",3,"Permanent"
"1409",3,"Permanent"
"1410",3,"Permanent"
"1411",3,"Permanent"
"1412",3,"Permanent"
"1413",3,"Permanent"
"1414",3,"Permanent"
"1415",4,"Permanent"
"1416",3,"Permanent"
"1417",3,"Permanent"
"1418",3,"Permanent"
"1419",3,"Permanent"
"1420",4,"Permanent"
"1421",3,"Permanent"
"1422",3,"Permanent"
"1423",3,"Permanent"
"1424",4,"Permanent"
"1425",1,"Street"
"1426",1,"Street"
"1427",1,"Street"
"1428",1,"Street"
"1429",1,"Street"
"1430",1,"Street"
"1431",1,"Street"
"1432",1,"Street"
"1433",1,"Street"
"1434",1,"Street"
"1435",1,"Street"
"1436",1,"Street"
"1437",1,"Street"
"1438",1,"Street"
"1439",1,"Street"
"1440",1,"Street"
"1441",1,"Street"
"1442",1,"Street"
"1443",1,"Street"
"1444",2,"Street"
"1445",1,"Street"
"1446",1,"Street"
"1447",2,"Street"
"1448",2,"Street"
"1449",2,"Street"
"1450",2,"Street"
"1451",1,"Street"
"1452",1,"Street"
"1453",1,"Street"
"1454",1,"Street"
"1455",1,"Street"
"1456",1,"Street"
"1457",1,"Street"
"1458",1,"Street"
"1459",1,"Street"
"1460",1,"Street"
"1461",1,"Street"
"1462",1,"Street"
"1463",1,"Street"
"1464",1,"Street"
"1465",1,"Street"
"1466",1,"Street"
"1467",1,"Street"
"1468",1,"Street"
"1469",1,"Street"
"1470",1,"Street"
"1471",2,"Street"
"1472",2,"Street"
"1473",1,"Street"
"1474",1,"Street"
"1475",2,"Street"
"1476",2,"Street"
"1477",2,"Street"
"1478",2,"Street"
"1479",2,"Street"
"1480",2,"Street"
"1481",3,"Street"
"1482",2,"Street"
"1483",2,"Street"
"1484",3,"Street"
"1485",2,"Street"
"1486",2,"Street"
"1487",2,"Street"
"1488",1,"Street"
"1489",1,"Street"
"1490",1,"Street"
"1491",1,"Street"
"1492",1,"Street"
"1493",1,"Street"
"1494",1,"Street"
"1495",1,"Street"
"1496",1,"Street"
"1497",1,"Street"
"1498",1,"Street"
"1499",1,"Street"
"1500",1,"Street"
"1501",1,"Street"
"1502",1,"Street"
"1503",1,"Street"
"1504",1,"Street"
"1505",1,"Street"
"1506",1,"Street"
"1507",1,"Street"
"1508",1,"Street"
"1509",2,"Street"
"1510",1,"Street"
"1511",1,"Street"
"1512",2,"Street"
"1513",2,"Street"
"1514",2,"Street"
"1515",2,"Street"
"1516",2,"Street"
"1517",2,"Street"
"1518",2,"Street"
"1519",2,"Street"
"1520",2,"Street"
"1521",2,"Street"
"1522",2,"Street"
"1523",2,"Street"
"1524",3,"Street"
"1525",2,"Street"
"1526",2,"Street"
"1527",2,"Street"
"1528",2,"Street"
"1529",3,"Street"
"1530",2,"Street"
"1531",2,"Street"
"1532",3,"Street"
"1533",2,"Street"
"1534",2,"Street"
"1535",4,"Street"
"1536",4,"Street"
"1537",2,"Permanent"
"1538",2,"Permanent"
"1539",2,"Permanent"
"1540",1,"Permanent"
"1541",1,"Permanent"
"1542",1,"Permanent"
"1543",1,"Permanent"
"1544",1,"Permanent"
"1545",1,"Permanent"
"1546",1,"Permanent"
"1547",1,"Permanent"
"1548",1,"Permanent"
"1549",1,"Permanent"
"1550",1,"Permanent"
"1551",1,"Permanent"
"1552",1,"Permanent"
"1553",1,"Permanent"
"1554",1,"Permanent"
"1555",2,"Permanent"
"1556",1,"Permanent"
"1557",2,"Permanent"
"1558",2,"Permanent"
"1559",2,"Permanent"
"1560",2,"Permanent"
"1561",2,"Permanent"
"1562",2,"Permanent"
"1563",2,"Permanent"
"1564",1,"Permanent"
"1565",1,"Permanent"
"1566",1,"Permanent"
"1567",1,"Permanent"
"1568",1,"Permanent"
"1569",1,"Permanent"
"1570",1,"Permanent"
"1571",2,"Permanent"
"1572",2,"Permanent"
"1573",2,"Permanent"
"1574",2,"Permanent"
"1575",2,"Permanent"
"1576",2,"Permanent"
"1577",2,"Permanent"
"1578",2,"Permanent"
"1579",2,"Permanent"
"1580",1,"Permanent"
"1581",1,"Permanent"
"1582",1,"Permanent"
"1583",1,"Permanent"
"1584",1,"Permanent"
"1585",1,"Permanent"
"1586",1,"Permanent"
"1587",1,"Permanent"
"1588",1,"Permanent"
"1589",1,"Permanent"
"1590",1,"Permanent"
"1591",1,"Permanent"
"1592",1,"Permanent"
"1593",1,"Permanent"
"1594",1,"Permanent"
"1595",1,"Permanent"
"1596",1,"Permanent"
"1597",1,"Permanent"
"1598",1,"Permanent"
"1599",1,"Permanent"
"1600",1,"Permanent"
"1601",1,"Permanent"
"1602",1,"Permanent"
"1603",1,"Permanent"
"1604",2,"Permanent"
"1605",2,"Permanent"
"1606",2,"Permanent"
"1607",2,"Permanent"
"1608",2,"Permanent"
"1609",2,"Permanent"
"1610",2,"Permanent"
"1611",2,"Permanent"
"1612",2,"Permanent"
"1613",2,"Permanent"
"1614",2,"Permanent"
"1615",2,"Permanent"
"1616",2,"Permanent"
"1617",2,"Permanent"
"1618",2,"Permanent"
"1619",2,"Permanent"
"1620",2,"Permanent"
"1621",2,"Permanent"
"1622",2,"Permanent"
"1623",2,"Permanent"
"1624",3,"Permanent"
"1625",2,"Permanent"
"1626",2,"Permanent"
"1627",3,"Permanent"
"1628",3,"Permanent"
"1629",3,"Permanent"
"1630",2,"Permanent"
"1631",3,"Permanent"
"1632",3,"Permanent"
"1633",2,"Permanent"
"1634",3,"Permanent"
"1635",3,"Permanent"
"1636",3,"Permanent"
"1637",3,"Permanent"
"1638",4,"Permanent"
"1639",3,"Permanent"
"1640",1,"Permanent"
"1641",2,"Permanent"
"1642",1,"Permanent"
"1643",1,"Permanent"
"1644",1,"Permanent"
"1645",1,"Permanent"
"1646",1,"Permanent"
"1647",1,"Permanent"
"1648",1,"Permanent"
"1649",1,"Permanent"
"1650",1,"Permanent"
"1651",1,"Permanent"
"1652",1,"Permanent"
"1653",1,"Permanent"
"1654",1,"Permanent"
"1655",1,"Permanent"
"1656",1,"Permanent"
"1657",1,"Permanent"
"1658",1,"Permanent"
"1659",1,"Permanent"
"1660",1,"Permanent"
"1661",1,"Permanent"
"1662",1,"Permanent"
"1663",1,"Permanent"
"1664",1,"Permanent"
"1665",2,"Permanent"
"1666",3,"Permanent"
"1667",2,"Permanent"
"1668",2,"Permanent"
"1669",2,"Permanent"
"1670",2,"Permanent"
"1671",2,"Permanent"
"1672",2,"Permanent"
"1673",2,"Permanent"
"1674",2,"Permanent"
"1675",2,"Permanent"
"1676",2,"Permanent"
"1677",2,"Permanent"
"1678",2,"Permanent"
"1679",2,"Permanent"
"1680",2,"Permanent"
"1681",2,"Permanent"
"1682",2,"Permanent"
"1683",2,"Permanent"
"1684",2,"Permanent"
"1685",2,"Permanent"
"1686",2,"Permanent"
"1687",2,"Permanent"
"1688",3,"Permanent"
"1689",3,"Permanent"
"1690",2,"Permanent"
"1691",3,"Permanent"
"1692",3,"Permanent"
"1693",3,"Permanent"
"1694",3,"Permanent"
"1695",3,"Permanent"
"1696",3,"Permanent"
"1697",4,"Permanent"
"1698",1,"Permanent"
"1699",1,"Permanent"
"1700",1,"Permanent"
"1701",2,"Permanent"
"1702",1,"Permanent"
"1703",1,"Permanent"
"1704",1,"Permanent"
"1705",1,"Permanent"
"1706",1,"Permanent"
"1707",1,"Permanent"
"1708",1,"Permanent"
"1709",1,"Permanent"
"1710",1,"Permanent"
"1711",1,"Permanent"
"1712",1,"Permanent"
"1713",2,"Permanent"
"1714",1,"Permanent"
"1715",1,"Permanent"
"1716",1,"Permanent"
"1717",1,"Permanent"
"1718",1,"Permanent"
"1719",1,"Permanent"
"1720",3,"Permanent"
"1721",2,"Permanent"
"1722",2,"Permanent"
"1723",2,"Permanent"
"1724",2,"Permanent"
"1725",2,"Permanent"
"1726",2,"Permanent"
"1727",3,"Permanent"
"1728",2,"Permanent"
"1729",2,"Permanent"
"1730",2,"Permanent"
"1731",2,"Permanent"
"1732",2,"Permanent"
"1733",2,"Permanent"
"1734",2,"Permanent"
"1735",2,"Permanent"
"1736",1,"Permanent"
"1737",1,"Permanent"
"1738",1,"Permanent"
"1739",1,"Permanent"
"1740",1,"Permanent"
"1741",1,"Permanent"
"1742",1,"Permanent"
"1743",1,"Permanent"
"1744",1,"Permanent"
"1745",1,"Permanent"
"1746",1,"Permanent"
"1747",1,"Permanent"
"1748",1,"Permanent"
"1749",1,"Permanent"
"1750",1,"Permanent"
"1751",1,"Permanent"
"1752",1,"Permanent"
"1753",1,"Permanent"
"1754",1,"Permanent"
"1755",1,"Permanent"
"1756",1,"Permanent"
"1757",1,"Permanent"
"1758",1,"Permanent"
"1759",2,"Permanent"
"1760",2,"Permanent"
"1761",2,"Permanent"
"1762",2,"Permanent"
"1763",2,"Permanent"
"1764",2,"Permanent"
"1765",2,"Permanent"
"1766",2,"Permanent"
"1767",2,"Street"
"1768",2,"Street"
"1769",2,"Street"
"1770",2,"Street"
"1771",2,"Street"
"1772",2,"Street"
"1773",3,"Street"
"1774",2,"Street"
"1775",2,"Street"
"1776",2,"Street"
"1777",2,"Street"
"1778",2,"Street"
"1779",2,"Street"
"1780",2,"Street"
"1781",2,"Street"
"1782",2,"Street"
"1783",3,"Street"
"1784",2,"Street"
"1785",3,"Street"
"1786",3,"Street"
"1787",3,"Street"
"1788",2,"Street"
"1789",2,"Street"
"1790",4,"Street"
"1791",3,"Street"
"1792",3,"Street"
"1793",3,"Street"
"1794",3,"Street"
"1795",1,"Street"
"1796",1,"Street"
"1797",1,"Street"
"1798",1,"Street"
"1799",1,"Street"
"1800",1,"Street"
"1801",1,"Street"
"1802",1,"Street"
"1803",1,"Street"
"1804",1,"Street"
"1805",1,"Street"
"1806",1,"Street"
"1807",1,"Street"
"1808",1,"Street"
"1809",1,"Street"
"1810",1,"Street"
"1811",1,"Street"
"1812",1,"Street"
"1813",1,"Street"
"1814",1,"Street"
"1815",1,"Street"
"1816",1,"Street"
"1817",1,"Street"
"1818",2,"Street"
"1819",2,"Street"
"1820",1,"Street"
"1821",2,"Street"
"1822",2,"Street"
"1823",1,"Permanent"
"1824",1,"Permanent"
"1825",1,"Permanent"
"1826",2,"Permanent"
"1827",1,"Permanent"
"1828",1,"Permanent"
"1829",1,"Permanent"
"1830",1,"Permanent"
"1831",1,"Permanent"
"1832",1,"Permanent"
"1833",1,"Permanent"
"1834",1,"Permanent"
"1835",1,"Permanent"
"1836",1,"Permanent"
"1837",2,"Permanent"
"1838",1,"Permanent"
"1839",1,"Permanent"
"1840",1,"Permanent"
"1841",1,"Permanent"
"1842",1,"Permanent"
"1843",1,"Permanent"
"1844",1,"Permanent"
"1845",1,"Permanent"
"1846",1,"Permanent"
"1847",3,"Permanent"
"1848",3,"Permanent"
"1849",2,"Permanent"
"1850",2,"Permanent"
"1851",2,"Permanent"
"1852",2,"Permanent"
"1853",2,"Permanent"
"1854",2,"Permanent"
"1855",2,"Permanent"
"1856",2,"Permanent"
"1857",2,"Permanent"
"1858",4,"Permanent"
"1859",2,"Permanent"
"1860",2,"Permanent"
"1861",2,"Permanent"
"1862",2,"Permanent"
"1863",2,"Permanent"
"1864",2,"Permanent"
"1865",2,"Permanent"
"1866",2,"Permanent"
"1867",2,"Permanent"
"1868",3,"Permanent"
"1869",1,"Permanent"
"1870",2,"Permanent"
"1871",1,"Permanent"
"1872",1,"Permanent"
"1873",1,"Permanent"
"1874",1,"Permanent"
"1875",1,"Permanent"
"1876",1,"Permanent"
"1877",1,"Permanent"
"1878",1,"Permanent"
"1879",1,"Permanent"
"1880",1,"Permanent"
"1881",1,"Permanent"
"1882",1,"Permanent"
"1883",1,"Permanent"
"1884",1,"Permanent"
"1885",1,"Permanent"
"1886",1,"Permanent"
"1887",1,"Permanent"
"1888",1,"Permanent"
"1889",1,"Permanent"
"1890",1,"Permanent"
"1891",2,"Permanent"
"1892",2,"Permanent"
"1893",2,"Permanent"
"1894",2,"Permanent"
"1895",2,"Permanent"
"1896",2,"Permanent"
"1897",2,"Permanent"
"1898",2,"Permanent"
"1899",2,"Permanent"
"1900",2,"Permanent"
"1901",2,"Permanent"
"1902",2,"Permanent"
"1903",2,"Permanent"
"1904",2,"Permanent"
"1905",2,"Permanent"
"1906",2,"Permanent"
"1907",2,"Permanent"
"1908",2,"Permanent"
"1909",3,"Permanent"
"1910",1,"Permanent"
"1911",1,"Permanent"
"1912",1,"Permanent"
"1913",2,"Permanent"
"1914",1,"Permanent"
"1915",1,"Permanent"
"1916",1,"Permanent"
"1917",1,"Permanent"
"1918",1,"Permanent"
"1919",1,"Permanent"
"1920",1,"Permanent"
"1921",1,"Permanent"
"1922",1,"Permanent"
"1923",1,"Permanent"
"1924",1,"Permanent"
"1925",1,"Permanent"
"1926",1,"Permanent"
"1927",2,"Permanent"
"1928",1,"Permanent"
"1929",1,"Permanent"
"1930",1,"Permanent"
"1931",1,"Permanent"
"1932",1,"Permanent"
"1933",1,"Permanent"
"1934",2,"Permanent"
"1935",2,"Permanent"
"1936",1,"Permanent"
"1937",1,"Permanent"
"1938",1,"Permanent"
"1939",1,"Permanent"
"1940",1,"Permanent"
"1941",1,"Permanent"
"1942",2,"Permanent"
"1943",2,"Permanent"
"1944",1,"Permanent"
"1945",1,"Permanent"
"1946",1,"Permanent"
"1947",1,"Permanent"
"1948",1,"Permanent"
"1949",1,"Permanent"
"1950",1,"Permanent"
"1951",1,"Permanent"
"1952",1,"Permanent"
"1953",1,"Permanent"
"1954",1,"Permanent"
"1955",1,"Permanent"
"1956",1,"Permanent"
"1957",1,"Permanent"
"1958",1,"Permanent"
"1959",1,"Permanent"
"1960",1,"Permanent"
"1961",2,"Permanent"
"1962",2,"Permanent"
"1963",2,"Permanent"
"1964",2,"Permanent"
"1965",3,"Permanent"
"1966",2,"Permanent"
"1967",3,"Permanent"
"1968",1,"Permanent"
"1969",1,"Permanent"
"1970",1,"Permanent"
"1971",1,"Permanent"
"1972",1,"Permanent"
"1973",1,"Permanent"
"1974",1,"Permanent"
"1975",1,"Permanent"
"1976",1,"Permanent"
"1977",1,"Permanent"
"1978",1,"Permanent"
"1979",1,"Permanent"
"1980",1,"Permanent"
"1981",1,"Permanent"
"1982",1,"Permanent"
"1983",1,"Permanent"
"1984",1,"Permanent"
"1985",1,"Permanent"
"1986",1,"Permanent"
"1987",1,"Permanent"
"1988",2,"Permanent"
"1989",1,"Permanent"
"1990",1,"Permanent"
"1991",2,"Permanent"
"1992",1,"Permanent"
"1993",1,"Permanent"
"1994",1,"Permanent"
"1995",2,"Permanent"
"1996",1,"Permanent"
"1997",1,"Permanent"
"1998",1,"Permanent"
"1999",1,"Permanent"
"2000",1,"Permanent"
"2001",1,"Permanent"
"2002",1,"Permanent"
"2003",1,"Permanent"
"2004",1,"Permanent"
"2005",1,"Permanent"
"2006",1,"Permanent"
"2007",1,"Permanent"
"2008",1,"Permanent"
"2009",1,"Permanent"
"2010",1,"Permanent"
"2011",3,"Permanent"
"2012",2,"Permanent"
"2013",2,"Permanent"
"2014",2,"Permanent"
"2015",2,"Permanent"
"2016",2,"Permanent"
"2017",2,"Permanent"
"2018",2,"Permanent"
"2019",2,"Permanent"
"2020",2,"Permanent"
"2021",2,"Permanent"
"2022",2,"Permanent"
"2023",2,"Permanent"
"2024",2,"Permanent"
"2025",2,"Permanent"
"2026",2,"Permanent"
"2027",2,"Permanent"
"2028",2,"Permanent"
"2029",3,"Permanent"
"2030",1,"Permanent"
"2031",1,"Permanent"
"2032",3,"Permanent"
"2033",3,"Permanent"
"2034",3,"Permanent"
"2035",4,"Permanent"
"2036",3,"Permanent"
"2037",3,"Permanent"
"2038",3,"Permanent"
"2039",3,"Permanent"
"2040",3,"Permanent"
"2041",3,"Permanent"
"2042",4,"Permanent"
"2043",4,"Permanent"
"2044",3,"Permanent"
"2045",3,"Permanent"
"2046",3,"Permanent"
"2047",3,"Permanent"
"2048",3,"Permanent"
"2049",4,"Permanent"
"2050",4,"Permanent"
"2051",4,"Permanent"
"2052",2,"Permanent"
"2053",4,"Permanent"
"2054",2,"Permanent"
"2055",4,"Permanent"
"2056",4,"Permanent"
"2057",3,"Permanent"
"2058",3,"Permanent"
"2059",5,"Permanent"
"2060",5,"Permanent"
"2061",1,"Street"
"2062",1,"Street"
"2063",1,"Street"
"2064",1,"Street"
"2065",1,"Street"
"2066",1,"Street"
"2067",1,"Street"
"2068",1,"Street"
"2069",1,"Street"
"2070",1,"Street"
"2071",1,"Street"
"2072",1,"Street"
"2073",1,"Street"
"2074",1,"Street"
"2075",1,"Street"
"2076",1,"Street"
"2077",1,"Street"
"2078",1,"Street"
"2079",1,"Street"
"2080",1,"Street"
"2081",2,"Street"
"2082",2,"Street"
"2083",2,"Street"
"2084",2,"Street"
"2085",2,"Street"
"2086",2,"Street"
"2087",1,"Street"
"2088",2,"Street"
"2089",2,"Street"
"2090",2,"Street"
"2091",2,"Street"
"2092",2,"Street"
"2093",2,"Street"
"2094",2,"Street"
"2095",2,"Street"
"2096",2,"Street"
"2097",2,"Street"
"2098",2,"Street"
"2099",2,"Street"
"2100",3,"Street"
"2101",3,"Street"
"2102",3,"Street"
"2103",3,"Street"
"2104",3,"Street"
"2105",3,"Street"
"2106",3,"Street"
"2107",3,"Street"
"2108",3,"Street"
"2109",3,"Street"
"2110",3,"Street"
"2111",3,"Street"
"2112",2,"Street"
"2113",3,"Street"
"2114",1,"Permanent"
"2115",1,"Permanent"
"2116",1,"Permanent"
"2117",1,"Permanent"
"2118",1,"Permanent"
"2119",1,"Permanent"
"2120",1,"Permanent"
"2121",1,"Permanent"
"2122",1,"Permanent"
"2123",1,"Permanent"
"2124",1,"Permanent"
"2125",1,"Permanent"
"2126",1,"Permanent"
"2127",1,"Permanent"
"2128",1,"Permanent"
"2129",1,"Permanent"
"2130",1,"Permanent"
"2131",1,"Permanent"
"2132",1,"Permanent"
"2133",1,"Permanent"
"2134",1,"Permanent"
"2135",2,"Permanent"
"2136",2,"Permanent"
"2137",2,"Permanent"
"2138",2,"Permanent"
"2139",2,"Permanent"
"2140",2,"Permanent"
"2141",2,"Permanent"
"2142",2,"Permanent"
"2143",2,"Permanent"
"2144",2,"Permanent"
"2145",2,"Permanent"
"2146",2,"Permanent"
"2147",2,"Permanent"
"2148",2,"Permanent"
"2149",2,"Permanent"
"2150",2,"Permanent"
"2151",2,"Permanent"
"2152",2,"Permanent"
"2153",2,"Permanent"
"2154",3,"Permanent"
"2155",3,"Permanent"
"2156",3,"Permanent"
"2157",3,"Permanent"
"2158",3,"Permanent"
"2159",3,"Permanent"
"2160",3,"Permanent"
"2161",3,"Permanent"
"2162",3,"Permanent"
"2163",3,"Permanent"
"2164",3,"Permanent"
"2165",3,"Permanent"
"2166",3,"Permanent"
"2167",3,"Permanent"
"2168",3,"Permanent"
"2169",3,"Permanent"
"2170",3,"Permanent"
"2171",4,"Permanent"
"2172",4,"Permanent"
"2173",4,"Permanent"
"2174",4,"Permanent"
"2175",4,"Permanent"
"2176",4,"Permanent"
"2177",3,"Permanent"
"2178",4,"Permanent"
"2179",4,"Permanent"
"2180",4,"Permanent"
"2181",4,"Permanent"
"2182",4,"Permanent"
"2183",4,"Permanent"
"2184",1,"Permanent"
"2185",1,"Permanent"
"2186",1,"Permanent"
"2187",1,"Permanent"
"2188",1,"Permanent"
"2189",1,"Permanent"
"2190",1,"Permanent"
"2191",1,"Permanent"
"2192",1,"Permanent"
"2193",1,"Permanent"
"2194",1,"Permanent"
"2195",1,"Permanent"
"2196",1,"Permanent"
"2197",1,"Permanent"
"2198",1,"Permanent"
"2199",1,"Permanent"
"2200",2,"Permanent"
"2201",1,"Permanent"
"2202",1,"Permanent"
"2203",2,"Permanent"
"2204",2,"Permanent"
"2205",2,"Permanent"
"2206",2,"Permanent"
"2207",3,"Permanent"
"2208",2,"Permanent"
"2209",2,"Permanent"
"2210",2,"Permanent"
"2211",2,"Permanent"
"2212",2,"Permanent"
"2213",1,"Permanent"
"2214",2,"Permanent"
"2215",2,"Permanent"
"2216",2,"Permanent"
"2217",1,"Permanent"
"2218",2,"Permanent"
"2219",2,"Permanent"
"2220",2,"Permanent"
"2221",2,"Permanent"
"2222",3,"Permanent"
"2223",3,"Permanent"
"2224",3,"Permanent"
"2225",3,"Permanent"
"2226",2,"Permanent"
"2227",3,"Permanent"
"2228",3,"Permanent"
"2229",3,"Permanent"
"2230",3,"Permanent"
"2231",2,"Permanent"
"2232",3,"Permanent"
"2233",3,"Permanent"
"2234",3,"Permanent"
"2235",3,"Permanent"
"2236",3,"Permanent"
"2237",2,"Permanent"
"2238",3,"Permanent"
"2239",3,"Permanent"
"2240",3,"Permanent"
"2241",1,"Permanent"
"2242",1,"Permanent"
"2243",1,"Permanent"
"2244",1,"Permanent"
"2245",1,"Permanent"
"2246",1,"Permanent"
"2247",1,"Permanent"
"2248",2,"Permanent"
"2249",1,"Permanent"
"2250",1,"Permanent"
"2251",1,"Permanent"
"2252",1,"Permanent"
"2253",1,"Permanent"
"2254",1,"Permanent"
"2255",1,"Permanent"
"2256",1,"Permanent"
"2257",1,"Permanent"
"2258",1,"Permanent"
"2259",1,"Permanent"
"2260",1,"Permanent"
"2261",1,"Permanent"
"2262",1,"Permanent"
"2263",2,"Permanent"
"2264",1,"Permanent"
"2265",2,"Permanent"
"2266",2,"Permanent"
"2267",2,"Permanent"
"2268",2,"Permanent"
"2269",2,"Permanent"
"2270",2,"Permanent"
"2271",2,"Permanent"
"2272",2,"Permanent"
"2273",2,"Permanent"
"2274",2,"Permanent"
"2275",2,"Permanent"
"2276",2,"Permanent"
"2277",3,"Permanent"
"2278",2,"Permanent"
"2279",3,"Permanent"
"2280",2,"Permanent"
"2281",2,"Permanent"
"2282",2,"Permanent"
"2283",3,"Permanent"
"2284",2,"Permanent"
"2285",3,"Permanent"
"2286",3,"Permanent"
"2287",2,"Permanent"
"2288",3,"Permanent"
"2289",3,"Permanent"
"2290",2,"Permanent"
"2291",4,"Permanent"
"2292",3,"Permanent"
"2293",3,"Permanent"
"2294",3,"Permanent"
"2295",3,"Permanent"
"2296",3,"Permanent"
"2297",4,"Permanent"
"2298",3,"Permanent"
"2299",4,"Permanent"
"2300",3,"Permanent"
"2301",3,"Permanent"
"2302",3,"Permanent"
"2303",3,"Permanent"
"2304",3,"Permanent"
"2305",4,"Permanent"
"2306",4,"Permanent"
"2307",4,"Permanent"
"2308",4,"Permanent"
"2309",3,"Permanent"
"2310",5,"Permanent"
"2311",4,"Permanent"
"2312",1,"Permanent"
"2313",1,"Permanent"
"2314",1,"Permanent"
"2315",1,"Permanent"
"2316",1,"Permanent"
"2317",1,"Permanent"
"2318",1,"Permanent"
"2319",1,"Permanent"
"2320",1,"Permanent"
"2321",1,"Permanent"
"2322",1,"Permanent"
"2323",1,"Permanent"
"2324",1,"Permanent"
"2325",1,"Permanent"
"2326",1,"Permanent"
"2327",1,"Permanent"
"2328",1,"Permanent"
"2329",1,"Permanent"
"2330",1,"Permanent"
"2331",2,"Permanent"
"2332",1,"Permanent"
"2333",2,"Permanent"
"2334",2,"Permanent"
"2335",2,"Permanent"
"2336",2,"Permanent"
"2337",2,"Permanent"
"2338",3,"Permanent"
"2339",2,"Permanent"
"2340",2,"Permanent"
"2341",2,"Permanent"
"2342",2,"Permanent"
"2343",2,"Permanent"
"2344",2,"Permanent"
"2345",2,"Permanent"
"2346",2,"Permanent"
"2347",2,"Permanent"
"2348",2,"Permanent"
"2349",2,"Permanent"
"2350",2,"Permanent"
"2351",2,"Permanent"
"2352",2,"Permanent"
"2353",3,"Permanent"
"2354",2,"Permanent"
"2355",3,"Permanent"
"2356",3,"Permanent"
"2357",4,"Permanent"
"2358",4,"Permanent"
"2359",3,"Permanent"
"2360",3,"Permanent"
"2361",3,"Permanent"
"2362",3,"Permanent"
"2363",3,"Permanent"
"2364",4,"Permanent"
"2365",3,"Permanent"
"2366",3,"Permanent"
"2367",5,"Permanent"
"2368",3,"Permanent"
"2369",3,"Permanent"
"2370",3,"Permanent"
"2371",3,"Permanent"
"2372",3,"Permanent"
"2373",3,"Permanent"
"2374",3,"Permanent"
"2375",4,"Permanent"
"2376",3,"Permanent"
"2377",3,"Permanent"
"2378",4,"Permanent"
"2379",4,"Permanent"
"2380",4,"Permanent"
"2381",4,"Permanent"
"2382",4,"Permanent"
"2383",4,"Permanent"
"2384",4,"Permanent"
"2385",4,"Permanent"
"2386",4,"Permanent"
"2387",5,"Permanent"
"2388",6,"Permanent"
"2389",4,"Permanent"
"2390",1,"Street"
"2391",1,"Street"
"2392",1,"Street"
"2393",1,"Street"
"2394",1,"Street"
"2395",1,"Street"
"2396",2,"Street"
"2397",1,"Street"
"2398",1,"Street"
"2399",1,"Street"
"2400",1,"Street"
"2401",1,"Street"
"2402",1,"Street"
"2403",1,"Street"
"2404",1,"Street"
"2405",1,"Street"
"2406",1,"Street"
"2407",1,"Street"
"2408",1,"Street"
"2409",1,"Street"
"2410",2,"Street"
"2411",1,"Street"
"2412",1,"Street"
"2413",2,"Street"
"2414",3,"Street"
"2415",2,"Street"
"2416",2,"Street"
"2417",2,"Street"
"2418",3,"Street"
"2419",2,"Street"
"2420",2,"Permanent"
"2421",2,"Permanent"
"2422",3,"Permanent"
"2423",1,"Permanent"
"2424",1,"Street"
"2425",1,"Street"
"2426",1,"Street"
"2427",1,"Street"
"2428",1,"Street"
"2429",1,"Street"
"2430",1,"Street"
"2431",1,"Street"
"2432",1,"Street"
"2433",1,"Street"
"2434",1,"Street"
"2435",1,"Street"
"2436",1,"Street"
"2437",1,"Street"
"2438",2,"Street"
"2439",1,"Street"
"2440",1,"Street"
"2441",1,"Street"
"2442",1,"Street"
"2443",2,"Street"
"2444",2,"Street"
"2445",2,"Street"
"2446",2,"Street"
"2447",2,"Street"
"2448",1,"Street"
"2449",2,"Street"
"2450",3,"Street"
"2451",2,"Street"
"2452",2,"Street"
"2453",1,"Street"
"2454",4,"Street"
"2455",1,"Street"
"2456",2,"Street"
"2457",2,"Street"
"2458",2,"Street"
"2459",2,"Street"
"2460",2,"Street"
"2461",3,"Street"
"2462",2,"Street"
"2463",1,"Street"
"2464",3,"Street"
"2465",2,"Street"
"2466",3,"Street"
"2467",2,"Street"
"2468",1,"Permanent"
"2469",1,"Permanent"
"2470",1,"Permanent"
"2471",1,"Permanent"
"2472",1,"Permanent"
"2473",1,"Permanent"
"2474",1,"Permanent"
"2475",1,"Permanent"
"2476",1,"Permanent"
"2477",1,"Permanent"
"2478",1,"Permanent"
"2479",1,"Permanent"
"2480",1,"Permanent"
"2481",1,"Permanent"
"2482",1,"Permanent"
"2483",1,"Permanent"
"2484",1,"Permanent"
"2485",1,"Permanent"
"2486",1,"Permanent"
"2487",1,"Permanent"
"2488",1,"Permanent"
"2489",1,"Permanent"
"2490",2,"Permanent"
"2491",2,"Permanent"
"2492",2,"Permanent"
"2493",2,"Permanent"
"2494",2,"Permanent"
"2495",2,"Permanent"
"2496",3,"Permanent"
"2497",2,"Permanent"
"2498",2,"Permanent"
"2499",2,"Permanent"
"2500",2,"Permanent"
"2501",2,"Permanent"
"2502",2,"Permanent"
"2503",2,"Permanent"
"2504",2,"Permanent"
"2505",2,"Permanent"
"2506",2,"Permanent"
"2507",2,"Permanent"
"2508",2,"Permanent"
"2509",2,"Permanent"
"2510",2,"Permanent"
"2511",3,"Permanent"
"2512",2,"Permanent"
"2513",3,"Permanent"
"2514",2,"Permanent"
"2515",4,"Permanent"
"2516",3,"Permanent"
"2517",3,"Permanent"
"2518",3,"Permanent"
"2519",3,"Permanent"
"2520",3,"Permanent"
"2521",3,"Permanent"
"2522",4,"Permanent"
"2523",1,"Permanent"
"2524",1,"Permanent"
"2525",1,"Permanent"
"2526",1,"Permanent"
"2527",1,"Permanent"
"2528",1,"Permanent"
"2529",1,"Permanent"
"2530",1,"Permanent"
"2531",1,"Permanent"
"2532",1,"Permanent"
"2533",1,"Permanent"
"2534",1,"Permanent"
"2535",1,"Permanent"
"2536",1,"Permanent"
"2537",1,"Permanent"
"2538",1,"Permanent"
"2539",1,"Permanent"
"2540",1,"Permanent"
"2541",2,"Permanent"
"2542",2,"Permanent"
"2543",2,"Permanent"
"2544",2,"Permanent"
"2545",1,"Permanent"
"2546",1,"Permanent"
"2547",2,"Permanent"
"2548",1,"Permanent"
"2549",2,"Permanent"
"2550",2,"Permanent"
"2551",2,"Permanent"
"2552",2,"Permanent"
"2553",2,"Permanent"
"2554",2,"Permanent"
"2555",2,"Permanent"
"2556",2,"Permanent"
"2557",2,"Permanent"
"2558",2,"Permanent"
"2559",2,"Permanent"
"2560",3,"Permanent"
"2561",3,"Permanent"
"2562",2,"Permanent"
"2563",4,"Permanent"
"2564",3,"Permanent"
"2565",3,"Permanent"
"2566",3,"Permanent"
"2567",3,"Permanent"
"2568",3,"Permanent"
"2569",3,"Permanent"
"2570",3,"Permanent"
"2571",3,"Permanent"
"2572",2,"Permanent"
"2573",3,"Permanent"
"2574",3,"Permanent"
"2575",3,"Permanent"
"2576",3,"Permanent"
"2577",2,"Permanent"
"2578",2,"Permanent"
"2579",1,"Permanent"
"2580",1,"Permanent"
"2581",1,"Permanent"
"2582",1,"Permanent"
"2583",1,"Permanent"
"2584",1,"Permanent"
"2585",1,"Permanent"
"2586",1,"Permanent"
"2587",1,"Permanent"
"2588",1,"Permanent"
"2589",1,"Permanent"
"2590",1,"Permanent"
"2591",1,"Permanent"
"2592",1,"Permanent"
"2593",1,"Permanent"
"2594",1,"Permanent"
"2595",1,"Permanent"
"2596",1,"Permanent"
"2597",1,"Permanent"
"2598",1,"Permanent"
"2599",1,"Permanent"
"2600",2,"Permanent"
"2601",2,"Permanent"
"2602",2,"Permanent"
"2603",2,"Permanent"
"2604",2,"Permanent"
"2605",2,"Permanent"
"2606",2,"Permanent"
"2607",2,"Permanent"
"2608",2,"Permanent"
"2609",2,"Permanent"
"2610",2,"Permanent"
"2611",2,"Permanent"
"2612",2,"Permanent"
"2613",2,"Permanent"
"2614",3,"Permanent"
"2615",2,"Permanent"
"2616",2,"Permanent"
"2617",2,"Permanent"
"2618",2,"Permanent"
"2619",3,"Permanent"
"2620",2,"Permanent"
"2621",2,"Permanent"
"2622",3,"Permanent"
"2623",4,"Permanent"
"2624",3,"Permanent"
"2625",3,"Permanent"
"2626",3,"Permanent"
"2627",3,"Permanent"
"2628",3,"Permanent"
"2629",3,"Permanent"
"2630",3,"Permanent"
"2631",3,"Permanent"
"2632",3,"Permanent"
"2633",3,"Permanent"
"2634",3,"Permanent"
"2635",1,"Permanent"
"2636",1,"Permanent"
"2637",1,"Permanent"
"2638",1,"Permanent"
"2639",1,"Permanent"
"2640",1,"Permanent"
"2641",1,"Permanent"
"2642",1,"Permanent"
"2643",1,"Permanent"
"2644",1,"Permanent"
"2645",1,"Permanent"
"2646",1,"Permanent"
"2647",1,"Permanent"
"2648",1,"Permanent"
"2649",1,"Permanent"
"2650",1,"Permanent"
"2651",1,"Permanent"
"2652",1,"Permanent"
"2653",1,"Permanent"
"2654",2,"Permanent"
"2655",1,"Permanent"
"2656",1,"Permanent"
"2657",2,"Permanent"
"2658",2,"Permanent"
"2659",2,"Permanent"
"2660",2,"Permanent"
"2661",2,"Permanent"
"2662",2,"Permanent"
"2663",2,"Permanent"
"2664",2,"Permanent"
"2665",2,"Permanent"
"2666",2,"Permanent"
"2667",2,"Permanent"
"2668",2,"Permanent"
"2669",2,"Permanent"
"2670",2,"Permanent"
"2671",2,"Permanent"
"2672",2,"Permanent"
"2673",2,"Permanent"
"2674",3,"Permanent"
"2675",2,"Permanent"
"2676",3,"Permanent"
"2677",3,"Permanent"
"2678",1,"Permanent"
"2679",1,"Permanent"
"2680",1,"Permanent"
"2681",1,"Permanent"
"2682",1,"Permanent"
"2683",1,"Permanent"
"2684",1,"Permanent"
"2685",1,"Permanent"
"2686",1,"Permanent"
"2687",1,"Permanent"
"2688",1,"Permanent"
"2689",1,"Permanent"
"2690",1,"Permanent"
"2691",1,"Permanent"
"2692",1,"Permanent"
"2693",1,"Permanent"
"2694",1,"Permanent"
"2695",1,"Permanent"
"2696",1,"Permanent"
"2697",1,"Permanent"
"2698",2,"Permanent"
"2699",2,"Permanent"
"2700",2,"Permanent"
"2701",2,"Permanent"
"2702",2,"Street"
"2703",2,"Street"
"2704",2,"Street"
"2705",2,"Street"
"2706",2,"Street"
"2707",2,"Street"
"2708",2,"Street"
"2709",2,"Street"
"2710",2,"Street"
"2711",2,"Street"
"2712",2,"Street"
"2713",2,"Street"
"2714",3,"Street"
"2715",3,"Street"
"2716",2,"Street"
"2717",3,"Street"
"2718",4,"Street"
"2719",2,"Street"
"2720",3,"Street"
"2721",3,"Street"
"2722",2,"Street"
"2723",3,"Street"
"2724",3,"Street"
"2725",3,"Street"
"2726",2,"Street"
"2727",2,"Street"
"2728",3,"Street"
"2729",1,"Street"
"2730",1,"Street"
"2731",1,"Street"
"2732",1,"Street"
"2733",1,"Street"
"2734",1,"Street"
"2735",2,"Street"
"2736",1,"Street"
"2737",1,"Street"
"2738",1,"Street"
"2739",1,"Street"
"2740",1,"Street"
"2741",1,"Street"
"2742",1,"Street"
"2743",1,"Street"
"2744",1,"Street"
"2745",1,"Street"
"2746",1,"Street"
"2747",1,"Street"
"2748",1,"Street"
"2749",1,"Street"
"2750",1,"Street"
"2751",1,"Street"
"2752",3,"Street"
"2753",2,"Street"
"2754",2,"Street"
"2755",2,"Street"
"2756",1,"Permanent"
"2757",1,"Permanent"
"2758",1,"Permanent"
"2759",1,"Permanent"
"2760",1,"Permanent"
"2761",1,"Permanent"
"2762",1,"Permanent"
"2763",1,"Permanent"
"2764",1,"Permanent"
"2765",1,"Permanent"
"2766",1,"Permanent"
"2767",1,"Permanent"
"2768",1,"Permanent"
"2769",1,"Permanent"
"2770",1,"Permanent"
"2771",1,"Permanent"
"2772",1,"Permanent"
"2773",1,"Permanent"
"2774",2,"Permanent"
"2775",1,"Permanent"
"2776",1,"Permanent"
"2777",1,"Permanent"
"2778",1,"Permanent"
"2779",2,"Permanent"
"2780",2,"Permanent"
"2781",2,"Permanent"
"2782",2,"Permanent"
"2783",2,"Permanent"
"2784",2,"Permanent"
"2785",2,"Permanent"
"2786",2,"Permanent"
"2787",2,"Permanent"
"2788",2,"Permanent"
"2789",2,"Permanent"
"2790",2,"Permanent"
"2791",2,"Permanent"
"2792",2,"Permanent"
"2793",2,"Permanent"
"2794",2,"Permanent"
"2795",2,"Permanent"
"2796",2,"Permanent"
"2797",3,"Permanent"
"2798",2,"Permanent"
"2799",3,"Permanent"
"2800",2,"Permanent"
"2801",2,"Permanent"
"2802",3,"Permanent"
"2803",3,"Permanent"
"2804",4,"Permanent"
"2805",1,"Permanent"
"2806",1,"Permanent"
"2807",1,"Permanent"
"2808",1,"Permanent"
"2809",1,"Permanent"
"2810",1,"Permanent"
"2811",1,"Permanent"
"2812",1,"Permanent"
"2813",1,"Permanent"
"2814",1,"Permanent"
"2815",1,"Permanent"
"2816",1,"Permanent"
"2817",1,"Permanent"
"2818",1,"Permanent"
"2819",1,"Permanent"
"2820",1,"Permanent"
"2821",1,"Permanent"
"2822",1,"Permanent"
"2823",1,"Permanent"
"2824",2,"Permanent"
"2825",2,"Permanent"
"2826",1,"Permanent"
"2827",2,"Permanent"
"2828",2,"Permanent"
"2829",3,"Permanent"
"2830",2,"Permanent"
"2831",2,"Permanent"
"2832",2,"Permanent"
"2833",2,"Permanent"
"2834",2,"Permanent"
"2835",2,"Permanent"
"2836",2,"Permanent"
"2837",2,"Permanent"
"2838",2,"Permanent"
"2839",2,"Permanent"
"2840",2,"Permanent"
"2841",2,"Permanent"
"2842",2,"Permanent"
"2843",2,"Permanent"
"2844",3,"Permanent"
"2845",3,"Permanent"
"2846",2,"Permanent"
"2847",3,"Permanent"
"2848",4,"Permanent"
"2849",3,"Permanent"
"2850",3,"Permanent"
"2851",3,"Permanent"
"2852",3,"Permanent"
"2853",1,"Permanent"
"2854",1,"Permanent"
"2855",1,"Permanent"
"2856",1,"Permanent"
"2857",1,"Permanent"
"2858",1,"Permanent"
"2859",1,"Permanent"
"2860",1,"Permanent"
"2861",1,"Permanent"
"2862",1,"Permanent"
"2863",1,"Permanent"
"2864",1,"Permanent"
"2865",1,"Permanent"
"2866",2,"Permanent"
"2867",1,"Permanent"
"2868",1,"Permanent"
"2869",2,"Permanent"
"2870",2,"Permanent"
"2871",2,"Permanent"
"2872",2,"Permanent"
"2873",1,"Permanent"
"2874",1,"Permanent"
"2875",1,"Permanent"
"2876",2,"Permanent"
"2877",2,"Permanent"
"2878",2,"Permanent"
"2879",2,"Permanent"
"2880",2,"Permanent"
"2881",1,"Permanent"
"2882",2,"Permanent"
"2883",3,"Permanent"
"2884",1,"Permanent"
"2885",2,"Permanent"
"2886",2,"Permanent"
"2887",2,"Permanent"
"2888",3,"Permanent"
"2889",2,"Permanent"
"2890",2,"Permanent"
"2891",1,"Permanent"
"2892",3,"Permanent"
"2893",2,"Permanent"
"2894",3,"Permanent"
"2895",2,"Permanent"
"2896",2,"Permanent"
"2897",1,"Permanent"
"2898",1,"Permanent"
"2899",1,"Permanent"
"2900",1,"Permanent"
"2901",1,"Permanent"
"2902",1,"Permanent"
"2903",1,"Permanent"
"2904",1,"Permanent"
"2905",1,"Permanent"
"2906",1,"Permanent"
"2907",1,"Permanent"
"2908",1,"Permanent"
"2909",1,"Permanent"
"2910",2,"Permanent"
"2911",1,"Permanent"
"2912",1,"Permanent"
"2913",1,"Permanent"
"2914",1,"Permanent"
"2915",1,"Permanent"
"2916",1,"Permanent"
"2917",1,"Permanent"
"2918",2,"Permanent"
"2919",2,"Permanent"
"2920",2,"Permanent"
"2921",1,"Permanent"
"2922",2,"Permanent"
"2923",2,"Permanent"
"2924",2,"Permanent"
"2925",2,"Permanent"
"2926",2,"Permanent"
"2927",2,"Permanent"
"2928",2,"Permanent"
"2929",2,"Permanent"
"2930",2,"Permanent"
"2931",3,"Permanent"
"2932",2,"Permanent"
"2933",2,"Permanent"
"2934",2,"Permanent"
"2935",2,"Permanent"
"2936",2,"Permanent"
"2937",2,"Permanent"
"2938",1,"Permanent"
"2939",1,"Permanent"
"2940",1,"Permanent"
"2941",1,"Permanent"
"2942",1,"Permanent"
"2943",1,"Permanent"
"2944",1,"Permanent"
"2945",1,"Permanent"
"2946",1,"Permanent"
"2947",1,"Permanent"
"2948",1,"Permanent"
"2949",1,"Permanent"
"2950",1,"Permanent"
"2951",1,"Permanent"
"2952",1,"Permanent"
"2953",1,"Permanent"
"2954",1,"Permanent"
"2955",2,"Permanent"
"2956",1,"Permanent"
"2957",1,"Permanent"
"2958",1,"Permanent"
"2959",1,"Permanent"
"2960",2,"Permanent"
"2961",2,"Permanent"
"2962",2,"Permanent"
"2963",2,"Permanent"
"2964",2,"Permanent"
"2965",1,"Permanent"
"2966",1,"Permanent"
"2967",1,"Permanent"
"2968",1,"Permanent"
"2969",1,"Permanent"
"2970",1,"Permanent"
"2971",1,"Permanent"
"2972",1,"Permanent"
"2973",1,"Permanent"
"2974",1,"Permanent"
"2975",1,"Permanent"
"2976",1,"Permanent"
"2977",1,"Permanent"
"2978",1,"Permanent"
"2979",1,"Permanent"
"2980",1,"Permanent"
"2981",1,"Permanent"
"2982",1,"Permanent"
"2983",1,"Permanent"
"2984",1,"Permanent"
"2985",1,"Permanent"
"2986",2,"Permanent"
"2987",2,"Permanent"
"2988",2,"Permanent"
"2989",2,"Permanent"
"2990",2,"Permanent"
"2991",2,"Permanent"
"2992",2,"Permanent"
"2993",3,"Permanent"
"2994",2,"Permanent"
"2995",2,"Permanent"
"2996",2,"Permanent"
"2997",2,"Permanent"
"2998",2,"Permanent"
"2999",2,"Permanent"
"3000",3,"Permanent"
"3001",2,"Permanent"
"3002",2,"Permanent"
"3003",2,"Permanent"
"3004",2,"Permanent"
"3005",2,"Permanent"
"3006",2,"Permanent"
"3007",2,"Permanent"
"3008",3,"Permanent"
"3009",3,"Permanent"
"3010",3,"Permanent"
"3011",3,"Permanent"
"3012",1,"Street"
"3013",1,"Street"
"3014",1,"Street"
"3015",1,"Street"
"3016",2,"Street"
"3017",1,"Street"
"3018",1,"Street"
"3019",1,"Street"
"3020",1,"Street"
"3021",1,"Street"
"3022",1,"Street"
"3023",1,"Street"
"3024",1,"Street"
"3025",1,"Street"
"3026",1,"Street"
"3027",1,"Street"
"3028",2,"Street"
"3029",1,"Street"
"3030",2,"Street"
"3031",2,"Street"
"3032",3,"Street"
"3033",2,"Street"
"3034",2,"Street"
"3035",2,"Street"
"3036",2,"Street"
"3037",2,"Street"
"3038",2,"Street"
"3039",2,"Street"
"3040",2,"Street"
"3041",2,"Street"
"3042",2,"Street"
"3043",1,"Street"
"3044",1,"Street"
"3045",2,"Street"
"3046",1,"Permanent"
"3047",1,"Permanent"
"3048",1,"Permanent"
"3049",1,"Permanent"
"3050",1,"Permanent"
"3051",1,"Permanent"
"3052",1,"Permanent"
"3053",1,"Permanent"
"3054",1,"Permanent"
"3055",1,"Permanent"
"3056",1,"Permanent"
"3057",1,"Permanent"
"3058",1,"Permanent"
"3059",1,"Permanent"
"3060",1,"Permanent"
"3061",1,"Permanent"
"3062",1,"Permanent"
"3063",1,"Permanent"
"3064",1,"Permanent"
"3065",1,"Permanent"
"3066",2,"Permanent"
"3067",2,"Permanent"
"3068",2,"Permanent"
"3069",2,"Permanent"
"3070",2,"Permanent"
"3071",2,"Permanent"
"3072",2,"Permanent"
"3073",2,"Permanent"
"3074",2,"Permanent"
"3075",2,"Permanent"
"3076",2,"Permanent"
"3077",2,"Permanent"
"3078",2,"Permanent"
"3079",2,"Permanent"
"3080",2,"Permanent"
"3081",2,"Permanent"
"3082",2,"Permanent"
"3083",2,"Permanent"
"3084",2,"Permanent"
"3085",3,"Permanent"
"3086",3,"Permanent"
"3087",3,"Permanent"
"3088",3,"Permanent"
"3089",3,"Permanent"
"3090",3,"Permanent"
"3091",3,"Permanent"
"3092",3,"Permanent"
"3093",3,"Permanent"
"3094",3,"Permanent"
"3095",4,"Permanent"
"3096",3,"Permanent"
"3097",5,"Permanent"
"3098",3,"Permanent"
"3099",3,"Permanent"
"3100",3,"Permanent"
"3101",1,"Permanent"
"3102",1,"Permanent"
"3103",1,"Permanent"
"3104",1,"Permanent"
"3105",1,"Permanent"
"3106",1,"Permanent"
"3107",1,"Permanent"
"3108",1,"Permanent"
"3109",1,"Permanent"
"3110",1,"Permanent"
"3111",1,"Permanent"
"3112",1,"Permanent"
"3113",2,"Permanent"
"3114",1,"Permanent"
"3115",2,"Permanent"
"3116",2,"Permanent"
"3117",1,"Permanent"
"3118",1,"Permanent"
"3119",1,"Permanent"
"3120",1,"Permanent"
"3121",1,"Permanent"
"3122",1,"Permanent"
"3123",1,"Permanent"
"3124",1,"Permanent"
"3125",3,"Permanent"
"3126",1,"Permanent"
"3127",2,"Permanent"
"3128",2,"Permanent"
"3129",2,"Permanent"
"3130",2,"Permanent"
"3131",2,"Permanent"
"3132",2,"Permanent"
"3133",2,"Permanent"
"3134",2,"Permanent"
"3135",2,"Permanent"
"3136",4,"Permanent"
"3137",2,"Permanent"
"3138",2,"Permanent"
"3139",2,"Permanent"
"3140",2,"Permanent"
"3141",2,"Permanent"
"3142",2,"Permanent"
"3143",2,"Permanent"
"3144",3,"Permanent"
"3145",3,"Permanent"
"3146",3,"Permanent"
"3147",2,"Permanent"
"3148",3,"Permanent"
"3149",3,"Permanent"
"3150",2,"Permanent"
"3151",2,"Permanent"
"3152",3,"Permanent"
"3153",3,"Permanent"
"3154",3,"Permanent"
"3155",3,"Permanent"
"3156",5,"Permanent"
"3157",4,"Permanent"
"3158",1,"Permanent"
"3159",1,"Permanent"
"3160",1,"Permanent"
"3161",1,"Permanent"
"3162",1,"Permanent"
"3163",1,"Permanent"
"3164",1,"Permanent"
"3165",1,"Permanent"
"3166",1,"Permanent"
"3167",1,"Permanent"
"3168",1,"Permanent"
"3169",1,"Permanent"
"3170",1,"Permanent"
"3171",1,"Permanent"
"3172",1,"Permanent"
"3173",1,"Permanent"
"3174",1,"Permanent"
"3175",1,"Permanent"
"3176",1,"Permanent"
"3177",1,"Permanent"
"3178",1,"Permanent"
"3179",2,"Permanent"
"3180",2,"Permanent"
"3181",2,"Permanent"
"3182",2,"Permanent"
"3183",2,"Permanent"
"3184",2,"Permanent"
"3185",2,"Permanent"
"3186",2,"Permanent"
"3187",2,"Permanent"
"3188",2,"Permanent"
"3189",2,"Permanent"
"3190",2,"Permanent"
"3191",2,"Permanent"
"3192",2,"Permanent"
"3193",2,"Permanent"
"3194",2,"Permanent"
"3195",2,"Permanent"
"3196",2,"Permanent"
"3197",2,"Permanent"
"3198",2,"Permanent"
"3199",3,"Permanent"
"3200",3,"Permanent"
"3201",3,"Permanent"
"3202",3,"Permanent"
"3203",1,"Permanent"
"3204",1,"Permanent"
"3205",1,"Permanent"
"3206",1,"Permanent"
"3207",1,"Permanent"
"3208",1,"Permanent"
"3209",1,"Permanent"
"3210",1,"Permanent"
"3211",1,"Permanent"
"3212",1,"Permanent"
"3213",1,"Permanent"
"3214",1,"Permanent"
"3215",1,"Permanent"
"3216",1,"Permanent"
"3217",1,"Permanent"
"3218",1,"Permanent"
"3219",1,"Permanent"
"3220",1,"Permanent"
"3221",1,"Permanent"
"3222",1,"Permanent"
"3223",1,"Permanent"
"3224",1,"Permanent"
"3225",2,"Permanent"
"3226",2,"Permanent"
"3227",2,"Permanent"
"3228",2,"Permanent"
"3229",2,"Permanent"
"3230",2,"Permanent"
"3231",2,"Permanent"
"3232",2,"Permanent"
"3233",2,"Permanent"
"3234",2,"Permanent"
"3235",2,"Permanent"
"3236",2,"Permanent"
"3237",2,"Permanent"
"3238",2,"Permanent"
"3239",2,"Permanent"
"3240",2,"Permanent"
"3241",2,"Permanent"
"3242",3,"Permanent"
"3243",2,"Permanent"
"3244",2,"Permanent"
"3245",2,"Permanent"
"3246",3,"Permanent"
"3247",3,"Permanent"
"3248",3,"Permanent"
"3249",3,"Permanent"
"3250",3,"Permanent"
"3251",1,"Street"
"3252",1,"Street"
"3253",1,"Street"
"3254",2,"Street"
"3255",1,"Street"
"3256",1,"Street"
"3257",1,"Street"
"3258",1,"Street"
"3259",1,"Street"
"3260",1,"Street"
"3261",1,"Street"
"3262",1,"Street"
"3263",1,"Street"
"3264",1,"Street"
"3265",1,"Street"
"3266",1,"Street"
"3267",1,"Street"
"3268",1,"Street"
"3269",1,"Street"
"3270",2,"Street"
"3271",2,"Street"
"3272",2,"Street"
"3273",1,"Street"
"3274",2,"Street"
"3275",2,"Street"
"3276",3,"Street"
"3277",3,"Street"
"3278",1,"Street"
"3279",2,"Street"
"3280",1,"Street"
"3281",1,"Street"
"3282",1,"Street"
"3283",1,"Street"
"3284",1,"Street"
"3285",1,"Street"
"3286",1,"Street"
"3287",1,"Street"
"3288",1,"Street"
"3289",1,"Street"
"3290",1,"Street"
"3291",1,"Street"
"3292",1,"Street"
"3293",1,"Street"
"3294",3,"Street"
"3295",1,"Street"
"3296",2,"Street"
"3297",2,"Street"
"3298",2,"Street"
"3299",2,"Street"
"3300",2,"Street"
"3301",2,"Street"
"3302",2,"Street"
"3303",1,"Street"
"3304",2,"Street"
"3305",2,"Street"
"3306",2,"Street"
"3307",2,"Street"
"3308",2,"Street"
"3309",2,"Street"
"3310",2,"Street"
"3311",1,"Permanent"
"3312",1,"Permanent"
"3313",1,"Permanent"
"3314",1,"Permanent"
"3315",1,"Permanent"
"3316",1,"Permanent"
"3317",1,"Permanent"
"3318",1,"Permanent"
"3319",1,"Permanent"
"3320",1,"Permanent"
"3321",1,"Permanent"
"3322",1,"Permanent"
"3323",1,"Permanent"
"3324",1,"Permanent"
"3325",1,"Permanent"
"3326",1,"Permanent"
"3327",2,"Permanent"
"3328",1,"Permanent"
"3329",1,"Permanent"
"3330",2,"Permanent"
"3331",1,"Permanent"
"3332",1,"Permanent"
"3333",2,"Permanent"
"3334",1,"Permanent"
"3335",2,"Permanent"
"3336",2,"Permanent"
"3337",2,"Permanent"
"3338",2,"Permanent"
"3339",2,"Permanent"
"3340",2,"Permanent"
"3341",1,"Permanent"
"3342",2,"Permanent"
"3343",2,"Permanent"
"3344",2,"Permanent"
"3345",2,"Permanent"
"3346",2,"Permanent"
"3347",3,"Permanent"
"3348",2,"Permanent"
"3349",2,"Permanent"
"3350",2,"Permanent"
"3351",2,"Permanent"
"3352",2,"Permanent"
"3353",1,"Permanent"
"3354",1,"Permanent"
"3355",1,"Permanent"
"3356",1,"Permanent"
"3357",1,"Permanent"
"3358",1,"Permanent"
"3359",1,"Permanent"
"3360",1,"Permanent"
"3361",1,"Permanent"
"3362",1,"Permanent"
"3363",1,"Permanent"
"3364",1,"Permanent"
"3365",1,"Permanent"
"3366",1,"Permanent"
"3367",1,"Permanent"
"3368",2,"Permanent"
"3369",1,"Permanent"
"3370",1,"Permanent"
"3371",3,"Permanent"
"3372",2,"Permanent"
"3373",2,"Permanent"
"3374",2,"Permanent"
"3375",1,"Permanent"
"3376",1,"Permanent"
"3377",1,"Permanent"
"3378",1,"Permanent"
"3379",1,"Permanent"
"3380",1,"Permanent"
"3381",1,"Permanent"
"3382",1,"Permanent"
"3383",1,"Permanent"
"3384",1,"Permanent"
"3385",1,"Permanent"
"3386",1,"Permanent"
"3387",1,"Permanent"
"3388",1,"Permanent"
"3389",1,"Permanent"
"3390",1,"Permanent"
"3391",1,"Permanent"
"3392",2,"Permanent"
"3393",1,"Permanent"
"3394",1,"Permanent"
"3395",1,"Permanent"
"3396",1,"Permanent"
"3397",2,"Permanent"
"3398",2,"Permanent"
"3399",2,"Permanent"
"3400",2,"Permanent"
"3401",2,"Permanent"
"3402",2,"Permanent"
"3403",2,"Permanent"
"3404",2,"Permanent"
"3405",2,"Permanent"
"3406",2,"Permanent"
"3407",2,"Permanent"
"3408",2,"Permanent"
"3409",2,"Permanent"
"3410",2,"Permanent"
"3411",2,"Permanent"
"3412",2,"Permanent"
"3413",2,"Permanent"
"3414",2,"Permanent"
"3415",3,"Permanent"
"3416",3,"Permanent"
"3417",2,"Permanent"
"3418",3,"Permanent"
"3419",3,"Permanent"
"3420",3,"Permanent"
"3421",3,"Permanent"
"3422",3,"Permanent"
"3423",3,"Permanent"
"3424",3,"Permanent"
"3425",3,"Permanent"
"3426",3,"Permanent"
"3427",3,"Permanent"
"3428",3,"Permanent"
"3429",3,"Permanent"
"3430",1,"Permanent"
"3431",1,"Permanent"
"3432",1,"Permanent"
"3433",1,"Permanent"
"3434",1,"Permanent"
"3435",1,"Permanent"
"3436",1,"Permanent"
"3437",1,"Permanent"
"3438",1,"Permanent"
"3439",1,"Permanent"
"3440",1,"Permanent"
"3441",1,"Permanent"
"3442",1,"Permanent"
"3443",1,"Permanent"
"3444",1,"Permanent"
"3445",1,"Permanent"
"3446",1,"Permanent"
"3447",1,"Permanent"
"3448",1,"Permanent"
"3449",1,"Permanent"
"3450",2,"Permanent"
"3451",1,"Permanent"
"3452",2,"Permanent"
"3453",2,"Permanent"
"3454",2,"Permanent"
"3455",2,"Permanent"
"3456",2,"Permanent"
"3457",2,"Permanent"
"3458",2,"Permanent"
"3459",2,"Permanent"
"3460",2,"Permanent"
"3461",3,"Permanent"
"3462",2,"Permanent"
"3463",2,"Permanent"
"3464",2,"Permanent"
"3465",2,"Permanent"
"3466",2,"Permanent"
"3467",3,"Permanent"
"3468",3,"Permanent"
"3469",3,"Permanent"
"3470",2,"Permanent"
"3471",3,"Permanent"
"3472",3,"Permanent"
"3473",3,"Permanent"
"3474",1,"Permanent"
"3475",1,"Permanent"
"3476",1,"Permanent"
"3477",1,"Permanent"
"3478",1,"Permanent"
"3479",1,"Permanent"
"3480",1,"Permanent"
"3481",1,"Permanent"
"3482",1,"Permanent"
"3483",1,"Permanent"
"3484",1,"Permanent"
"3485",1,"Permanent"
"3486",1,"Permanent"
"3487",1,"Permanent"
"3488",1,"Permanent"
"3489",1,"Permanent"
"3490",1,"Permanent"
"3491",1,"Permanent"
"3492",2,"Permanent"
"3493",1,"Permanent"
"3494",1,"Permanent"
"3495",2,"Permanent"
"3496",2,"Permanent"
"3497",2,"Permanent"
"3498",2,"Permanent"
"3499",2,"Permanent"
"3500",2,"Permanent"
"3501",2,"Permanent"
"3502",2,"Permanent"
"3503",2,"Permanent"
"3504",2,"Permanent"
"3505",2,"Permanent"
"3506",2,"Permanent"
"3507",2,"Permanent"
"3508",3,"Permanent"
"3509",2,"Permanent"
"3510",2,"Permanent"
"3511",2,"Permanent"
"3512",2,"Permanent"
"3513",2,"Permanent"
"3514",2,"Permanent"
"3515",3,"Permanent"
"3516",3,"Permanent"
"3517",3,"Permanent"
"3518",3,"Permanent"
"3519",3,"Permanent"
"3520",1,"Permanent"
"3521",1,"Permanent"
"3522",1,"Permanent"
"3523",1,"Permanent"
"3524",1,"Permanent"
"3525",1,"Permanent"
"3526",1,"Permanent"
"3527",1,"Permanent"
"3528",1,"Permanent"
"3529",1,"Permanent"
"3530",1,"Permanent"
"3531",1,"Permanent"
"3532",1,"Permanent"
"3533",1,"Permanent"
"3534",1,"Permanent"
"3535",1,"Permanent"
"3536",1,"Permanent"
"3537",1,"Permanent"
"3538",1,"Permanent"
"3539",1,"Permanent"
"3540",1,"Permanent"
"3541",2,"Permanent"
"3542",3,"Permanent"
"3543",2,"Street"
"3544",2,"Street"
"3545",2,"Street"
"3546",2,"Street"
"3547",2,"Street"
"3548",2,"Street"
"3549",2,"Street"
"3550",2,"Street"
"3551",2,"Street"
"3552",3,"Street"
"3553",3,"Street"
"3554",3,"Street"
"3555",2,"Street"
"3556",3,"Street"
"3557",2,"Street"
"3558",2,"Street"
"3559",3,"Street"
"3560",3,"Street"
"3561",3,"Street"
"3562",4,"Street"
"3563",3,"Street"
"3564",3,"Street"
"3565",3,"Street"
"3566",4,"Street"
"3567",3,"Street"
"3568",3,"Street"
"3569",3,"Street"
"3570",1,"Street"
"3571",1,"Street"
"3572",1,"Street"
"3573",1,"Street"
"3574",1,"Street"
"3575",1,"Street"
"3576",1,"Street"
"3577",1,"Street"
"3578",1,"Street"
"3579",1,"Street"
"3580",1,"Street"
"3581",1,"Street"
"3582",1,"Street"
"3583",1,"Street"
"3584",1,"Street"
"3585",1,"Street"
"3586",1,"Street"
"3587",1,"Street"
"3588",1,"Street"
"3589",1,"Street"
"3590",2,"Street"
"3591",2,"Street"
"3592",2,"Street"
"3593",2,"Street"
"3594",2,"Street"
"3595",2,"Street"
"3596",2,"Street"
"3597",1,"Permanent"
"3598",1,"Permanent"
"3599",1,"Permanent"
"3600",1,"Permanent"
"3601",1,"Permanent"
"3602",1,"Permanent"
"3603",1,"Permanent"
"3604",1,"Permanent"
"3605",1,"Permanent"
"3606",1,"Permanent"
"3607",1,"Permanent"
"3608",1,"Permanent"
"3609",1,"Permanent"
"3610",1,"Permanent"
"3611",1,"Permanent"
"3612",1,"Permanent"
"3613",1,"Permanent"
"3614",1,"Permanent"
"3615",1,"Permanent"
"3616",1,"Permanent"
"3617",1,"Permanent"
"3618",1,"Permanent"
"3619",2,"Permanent"
"3620",2,"Permanent"
"3621",2,"Permanent"
"3622",2,"Permanent"
"3623",2,"Permanent"
"3624",2,"Permanent"
"3625",2,"Permanent"
"3626",2,"Permanent"
"3627",2,"Permanent"
"3628",2,"Permanent"
"3629",2,"Permanent"
"3630",2,"Permanent"
"3631",2,"Permanent"
"3632",2,"Permanent"
"3633",2,"Permanent"
"3634",2,"Permanent"
"3635",2,"Permanent"
"3636",2,"Permanent"
"3637",2,"Permanent"
"3638",2,"Permanent"
"3639",2,"Permanent"
"3640",3,"Permanent"
"3641",3,"Permanent"
"3642",3,"Permanent"
"3643",3,"Permanent"
"3644",3,"Permanent"
"3645",3,"Permanent"
"3646",3,"Permanent"
"3647",3,"Permanent"
"3648",3,"Permanent"
"3649",3,"Permanent"
"3650",3,"Permanent"
"3651",3,"Permanent"
"3652",3,"Permanent"
"3653",3,"Permanent"
"3654",3,"Permanent"
"3655",4,"Permanent"
"3656",3,"Permanent"
"3657",4,"Permanent"
"3658",3,"Permanent"
"3659",4,"Permanent"
"3660",4,"Permanent"
"3661",3,"Permanent"
"3662",3,"Permanent"
"3663",3,"Permanent"
"3664",3,"Permanent"
"3665",4,"Permanent"
"3666",4,"Permanent"
"3667",4,"Permanent"
"3668",5,"Permanent"
"3669",4,"Permanent"
"3670",5,"Permanent"
"3671",4,"Permanent"
"3672",4,"Permanent"
"3673",4,"Permanent"
"3674",5,"Permanent"
"3675",5,"Permanent"
"3676",1,"Street"
"3677",1,"Street"
"3678",1,"Street"
"3679",1,"Street"
"3680",1,"Street"
"3681",1,"Street"
"3682",1,"Street"
"3683",1,"Street"
"3684",1,"Street"
"3685",1,"Street"
"3686",1,"Street"
"3687",1,"Street"
"3688",1,"Street"
"3689",1,"Street"
"3690",1,"Street"
"3691",1,"Street"
"3692",1,"Street"
"3693",2,"Street"
"3694",1,"Street"
"3695",1,"Street"
"3696",2,"Street"
"3697",1,"Street"
"3698",2,"Street"
"3699",1,"Permanent"
"3700",1,"Permanent"
"3701",1,"Permanent"
"3702",1,"Permanent"
"3703",1,"Permanent"
"3704",2,"Permanent"
"3705",1,"Permanent"
"3706",1,"Permanent"
"3707",1,"Permanent"
"3708",1,"Permanent"
"3709",1,"Permanent"
"3710",1,"Permanent"
"3711",1,"Permanent"
"3712",1,"Permanent"
"3713",1,"Permanent"
"3714",1,"Permanent"
"3715",2,"Permanent"
"3716",1,"Permanent"
"3717",3,"Permanent"
"3718",2,"Permanent"
"3719",2,"Permanent"
"3720",2,"Permanent"
"3721",2,"Permanent"
"3722",2,"Permanent"
"3723",2,"Permanent"
"3724",2,"Permanent"
"3725",2,"Permanent"
"3726",2,"Permanent"
"3727",2,"Permanent"
"3728",3,"Permanent"
"3729",2,"Permanent"
"3730",2,"Permanent"
"3731",2,"Permanent"
"3732",4,"Permanent"
"3733",3,"Permanent"
"3734",3,"Permanent"
"3735",1,"Permanent"
"3736",1,"Permanent"
"3737",1,"Permanent"
"3738",1,"Permanent"
"3739",1,"Permanent"
"3740",1,"Permanent"
"3741",1,"Permanent"
"3742",1,"Permanent"
"3743",1,"Permanent"
"3744",1,"Permanent"
"3745",1,"Permanent"
"3746",1,"Permanent"
"3747",1,"Permanent"
"3748",1,"Permanent"
"3749",1,"Permanent"
"3750",1,"Permanent"
"3751",1,"Permanent"
"3752",2,"Permanent"
"3753",1,"Permanent"
"3754",2,"Permanent"
"3755",2,"Permanent"
"3756",2,"Permanent"
"3757",2,"Permanent"
"3758",2,"Permanent"
"3759",2,"Permanent"
"3760",2,"Permanent"
"3761",2,"Permanent"
"3762",2,"Permanent"
"3763",2,"Permanent"
"3764",2,"Permanent"
"3765",2,"Permanent"
"3766",2,"Permanent"
"3767",2,"Permanent"
"3768",2,"Permanent"
"3769",2,"Permanent"
"3770",2,"Permanent"
"3771",3,"Permanent"
"3772",3,"Permanent"
"3773",3,"Permanent"
"3774",3,"Permanent"
"3775",3,"Permanent"
"3776",3,"Permanent"
"3777",3,"Permanent"
"3778",3,"Permanent"
"3779",3,"Permanent"
"3780",3,"Permanent"
"3781",3,"Permanent"
"3782",3,"Permanent"
"3783",3,"Permanent"
"3784",3,"Permanent"
"3785",3,"Permanent"
"3786",3,"Permanent"
"3787",1,"Permanent"
"3788",1,"Permanent"
"3789",1,"Permanent"
"3790",1,"Permanent"
"3791",1,"Permanent"
"3792",1,"Permanent"
"3793",1,"Permanent"
"3794",1,"Permanent"
"3795",2,"Permanent"
"3796",1,"Permanent"
"3797",1,"Permanent"
"3798",1,"Permanent"
"3799",1,"Permanent"
"3800",1,"Permanent"
"3801",1,"Permanent"
"3802",1,"Permanent"
"3803",1,"Permanent"
"3804",1,"Permanent"
"3805",1,"Permanent"
"3806",1,"Permanent"
"3807",3,"Permanent"
"3808",2,"Permanent"
"3809",2,"Permanent"
"3810",1,"Permanent"
"3811",2,"Permanent"
"3812",2,"Permanent"
"3813",2,"Permanent"
"3814",2,"Permanent"
"3815",2,"Permanent"
"3816",2,"Permanent"
"3817",2,"Permanent"
"3818",2,"Permanent"
"3819",2,"Permanent"
"3820",2,"Permanent"
"3821",3,"Permanent"
"3822",2,"Permanent"
"3823",2,"Permanent"
"3824",2,"Permanent"
"3825",3,"Permanent"
"3826",2,"Permanent"
"3827",2,"Permanent"
"3828",1,"Street"
"3829",1,"Street"
"3830",1,"Street"
"3831",1,"Street"
"3832",1,"Street"
"3833",1,"Street"
"3834",1,"Street"
"3835",1,"Street"
"3836",1,"Street"
"3837",1,"Street"
"3838",2,"Street"
"3839",1,"Street"
"3840",1,"Street"
"3841",1,"Street"
"3842",2,"Street"
"3843",3,"Street"
"3844",2,"Street"
"3845",1,"Permanent"
"3846",1,"Permanent"
"3847",1,"Permanent"
"3848",1,"Permanent"
"3849",1,"Permanent"
"3850",1,"Permanent"
"3851",1,"Permanent"
"3852",1,"Permanent"
"3853",1,"Permanent"
"3854",1,"Permanent"
"3855",1,"Permanent"
"3856",1,"Permanent"
"3857",1,"Permanent"
"3858",1,"Permanent"
"3859",2,"Permanent"
"3860",1,"Permanent"
"3861",1,"Permanent"
"3862",1,"Permanent"
"3863",1,"Permanent"
"3864",2,"Permanent"
"3865",2,"Permanent"
"3866",2,"Permanent"
"3867",2,"Permanent"
"3868",2,"Permanent"
"3869",2,"Permanent"
"3870",2,"Permanent"
"3871",2,"Permanent"
"3872",2,"Permanent"
"3873",2,"Permanent"
"3874",2,"Permanent"
"3875",2,"Permanent"
"3876",3,"Permanent"
"3877",2,"Permanent"
"3878",2,"Permanent"
"3879",3,"Permanent"
"3880",3,"Permanent"
"3881",3,"Permanent"
"3882",3,"Permanent"
"3883",2,"Permanent"
"3884",3,"Permanent"
"3885",2,"Permanent"
"3886",3,"Permanent"
"3887",3,"Permanent"
"3888",3,"Permanent"
"3889",3,"Permanent"
"3890",3,"Permanent"
"3891",3,"Permanent"
"3892",4,"Permanent"
"3893",3,"Permanent"
"3894",3,"Permanent"
"3895",1,"Permanent"
"3896",1,"Permanent"
"3897",1,"Permanent"
"3898",1,"Permanent"
"3899",1,"Permanent"
"3900",1,"Permanent"
"3901",1,"Permanent"
"3902",1,"Permanent"
"3903",1,"Permanent"
"3904",1,"Permanent"
"3905",1,"Permanent"
"3906",1,"Permanent"
"3907",1,"Permanent"
"3908",1,"Permanent"
"3909",1,"Permanent"
"3910",1,"Permanent"
"3911",1,"Permanent"
"3912",1,"Permanent"
"3913",2,"Permanent"
"3914",2,"Permanent"
"3915",2,"Permanent"
"3916",2,"Permanent"
"3917",2,"Permanent"
"3918",2,"Permanent"
"3919",2,"Permanent"
"3920",2,"Permanent"
"3921",2,"Permanent"
"3922",2,"Permanent"
"3923",2,"Permanent"
"3924",2,"Permanent"
"3925",2,"Permanent"
"3926",2,"Permanent"
"3927",2,"Permanent"
"3928",2,"Permanent"
"3929",2,"Permanent"
"3930",3,"Permanent"
"3931",2,"Permanent"
"3932",3,"Permanent"
"3933",1,"Permanent"
"3934",1,"Permanent"
"3935",1,"Permanent"
"3936",1,"Permanent"
"3937",1,"Permanent"
"3938",1,"Permanent"
"3939",1,"Permanent"
"3940",1,"Permanent"
"3941",1,"Permanent"
"3942",1,"Permanent"
"3943",1,"Permanent"
"3944",1,"Permanent"
"3945",1,"Permanent"
"3946",1,"Permanent"
"3947",1,"Permanent"
"3948",1,"Permanent"
"3949",1,"Permanent"
"3950",1,"Permanent"
"3951",1,"Permanent"
"3952",2,"Permanent"
"3953",2,"Permanent"
"3954",2,"Permanent"
"3955",2,"Permanent"
"3956",2,"Permanent"
"3957",2,"Permanent"
"3958",2,"Permanent"
"3959",2,"Permanent"
"3960",2,"Permanent"
"3961",2,"Permanent"
"3962",2,"Permanent"
"3963",2,"Permanent"
"3964",2,"Permanent"
"3965",2,"Permanent"
"3966",2,"Permanent"
"3967",2,"Permanent"
"3968",2,"Permanent"
"3969",3,"Permanent"
"3970",2,"Permanent"
"3971",3,"Permanent"
"3972",3,"Permanent"
"3973",2,"Permanent"
"3974",3,"Permanent"
"3975",3,"Permanent"
"3976",1,"Permanent"
"3977",1,"Permanent"
"3978",1,"Permanent"
"3979",1,"Permanent"
"3980",1,"Permanent"
"3981",1,"Permanent"
"3982",1,"Permanent"
"3983",1,"Permanent"
"3984",1,"Permanent"
"3985",1,"Permanent"
"3986",1,"Permanent"
"3987",1,"Permanent"
"3988",1,"Permanent"
"3989",1,"Permanent"
"3990",2,"Permanent"
"3991",1,"Permanent"
"3992",1,"Permanent"
"3993",1,"Permanent"
"3994",1,"Permanent"
"3995",1,"Permanent"
"3996",1,"Permanent"
"3997",2,"Permanent"
"3998",2,"Permanent"
"3999",2,"Permanent"
"4000",2,"Permanent"
"4001",2,"Permanent"
"4002",2,"Permanent"
"4003",2,"Permanent"
"4004",2,"Permanent"
"4005",2,"Permanent"
"4006",2,"Permanent"
"4007",2,"Permanent"
"4008",2,"Permanent"
"4009",2,"Permanent"
"4010",2,"Permanent"
"4011",2,"Permanent"
"4012",2,"Permanent"
"4013",3,"Permanent"
"4014",2,"Permanent"
"4015",3,"Permanent"
"4016",2,"Permanent"
"4017",3,"Permanent"
"4018",3,"Permanent"
"4019",3,"Permanent"
"4020",3,"Permanent"
"4021",3,"Permanent"
"4022",1,"Street"
"4023",1,"Street"
"4024",1,"Street"
"4025",1,"Street"
"4026",1,"Street"
"4027",1,"Street"
"4028",1,"Street"
"4029",1,"Street"
"4030",1,"Street"
"4031",2,"Street"
"4032",1,"Street"
"4033",1,"Street"
"4034",1,"Street"
"4035",1,"Street"
"4036",1,"Street"
"4037",1,"Street"
"4038",1,"Street"
"4039",1,"Street"
"4040",1,"Street"
"4041",1,"Street"
"4042",2,"Street"
"4043",2,"Street"
"4044",2,"Street"
"4045",2,"Street"
"4046",3,"Street"
"4047",2,"Street"
"4048",2,"Street"
"4049",2,"Street"
"4050",2,"Street"
"4051",2,"Street"
"4052",3,"Street"
"4053",1,"Street"
"4054",1,"Street"
"4055",1,"Street"
"4056",1,"Street"
"4057",1,"Street"
"4058",1,"Street"
"4059",1,"Street"
"4060",1,"Street"
"4061",1,"Street"
"4062",1,"Street"
"4063",1,"Street"
"4064",1,"Street"
"4065",1,"Street"
"4066",1,"Street"
"4067",1,"Street"
"4068",1,"Street"
"4069",2,"Street"
"4070",1,"Street"
"4071",1,"Street"
"4072",1,"Street"
"4073",1,"Street"
"4074",2,"Street"
"4075",2,"Street"
"4076",1,"Permanent"
"4077",1,"Permanent"
"4078",1,"Permanent"
"4079",2,"Permanent"
"4080",2,"Permanent"
"4081",1,"Permanent"
"4082",1,"Permanent"
"4083",1,"Permanent"
"4084",1,"Permanent"
"4085",1,"Permanent"
"4086",1,"Permanent"
"4087",1,"Permanent"
"4088",1,"Permanent"
"4089",1,"Permanent"
"4090",1,"Permanent"
"4091",1,"Permanent"
"4092",1,"Permanent"
"4093",1,"Permanent"
"4094",2,"Permanent"
"4095",3,"Permanent"
"4096",1,"Permanent"
"4097",1,"Permanent"
"4098",1,"Permanent"
"4099",1,"Permanent"
"4100",1,"Permanent"
"4101",1,"Permanent"
"4102",2,"Permanent"
"4103",1,"Permanent"
"4104",1,"Permanent"
"4105",1,"Permanent"
"4106",1,"Permanent"
"4107",1,"Permanent"
"4108",1,"Permanent"
"4109",2,"Permanent"
"4110",1,"Permanent"
"4111",1,"Permanent"
"4112",1,"Permanent"
"4113",1,"Permanent"
"4114",2,"Permanent"
"4115",3,"Permanent"
"4116",2,"Permanent"
"4117",3,"Permanent"
"4118",2,"Permanent"
"4119",2,"Permanent"
"4120",4,"Permanent"
"4121",2,"Permanent"
"4122",2,"Permanent"
"4123",2,"Permanent"
"4124",2,"Permanent"
"4125",2,"Permanent"
"4126",2,"Permanent"
"4127",2,"Permanent"
"4128",3,"Permanent"
"4129",2,"Permanent"
"4130",1,"Permanent"
"4131",1,"Permanent"
"4132",1,"Permanent"
"4133",1,"Permanent"
"4134",1,"Permanent"
"4135",1,"Permanent"
"4136",1,"Permanent"
"4137",1,"Permanent"
"4138",1,"Permanent"
"4139",1,"Permanent"
"4140",1,"Permanent"
"4141",1,"Permanent"
"4142",1,"Permanent"
"4143",1,"Permanent"
"4144",1,"Permanent"
"4145",1,"Permanent"
"4146",1,"Permanent"
"4147",1,"Permanent"
"4148",1,"Permanent"
"4149",2,"Permanent"
"4150",1,"Permanent"
"4151",2,"Permanent"
"4152",2,"Permanent"
"4153",2,"Permanent"
"4154",2,"Permanent"
"4155",2,"Permanent"
"4156",2,"Permanent"
"4157",2,"Permanent"
"4158",2,"Permanent"
"4159",2,"Permanent"
"4160",2,"Permanent"
"4161",2,"Permanent"
"4162",2,"Permanent"
"4163",2,"Permanent"
"4164",2,"Permanent"
"4165",3,"Permanent"
"4166",2,"Permanent"
"4167",3,"Permanent"
"4168",3,"Permanent"
"4169",2,"Permanent"
"4170",2,"Permanent"
"4171",2,"Permanent"
"4172",3,"Permanent"
"4173",2,"Permanent"
"4174",3,"Permanent"
"4175",3,"Permanent"
"4176",3,"Permanent"
"4177",3,"Permanent"
"4178",3,"Permanent"
"4179",3,"Permanent"
"4180",3,"Permanent"
"4181",4,"Permanent"
"4182",3,"Permanent"
"4183",3,"Permanent"
"4184",4,"Permanent"
"4185",3,"Permanent"
"4186",3,"Permanent"
"4187",4,"Permanent"
"4188",3,"Permanent"
"4189",4,"Permanent"
"4190",4,"Permanent"
"4191",4,"Permanent"
"4192",3,"Permanent"
"4193",4,"Permanent"
"4194",3,"Permanent"
"4195",3,"Permanent"
"4196",4,"Permanent"
"4197",4,"Permanent"
"4198",4,"Permanent"
"4199",4,"Permanent"
"4200",5,"Permanent"
"4201",4,"Permanent"
"4202",4,"Permanent"
"4203",5,"Permanent"
"4204",4,"Permanent"
"4205",4,"Permanent"
"4206",5,"Permanent"
"4207",4,"Permanent"
"4208",5,"Permanent"
"4209",5,"Permanent"
"4210",5,"Permanent"
"4211",4,"Permanent"
"4212",5,"Permanent"
"4213",4,"Permanent"
"4214",4,"Permanent"
"4215",5,"Permanent"
"4216",5,"Permanent"
"4217",5,"Permanent"
"4218",5,"Permanent"
"4219",5,"Permanent"
"4220",6,"Permanent"
"4221",5,"Permanent"
"4222",5,"Permanent"
"4223",6,"Permanent"
"4224",5,"Permanent"
"4225",5,"Permanent"
"4226",1,"Permanent"
"4227",1,"Permanent"
"4228",1,"Permanent"
"4229",1,"Permanent"
"4230",1,"Permanent"
"4231",1,"Permanent"
"4232",1,"Permanent"
"4233",1,"Permanent"
"4234",1,"Permanent"
"4235",1,"Permanent"
"4236",1,"Permanent"
"4237",1,"Permanent"
"4238",1,"Permanent"
"4239",1,"Permanent"
"4240",1,"Permanent"
"4241",1,"Permanent"
"4242",2,"Permanent"
"4243",1,"Permanent"
"4244",1,"Permanent"
"4245",2,"Permanent"
"4246",2,"Permanent"
"4247",2,"Permanent"
"4248",2,"Permanent"
"4249",2,"Permanent"
"4250",2,"Permanent"
"4251",2,"Permanent"
"4252",3,"Permanent"
"4253",2,"Permanent"
"4254",2,"Permanent"
"4255",2,"Permanent"
"4256",2,"Permanent"
"4257",2,"Permanent"
"4258",2,"Permanent"
"4259",2,"Permanent"
"4260",2,"Permanent"
"4261",3,"Permanent"
"4262",3,"Permanent"
"4263",3,"Permanent"
"4264",1,"Permanent"
"4265",1,"Permanent"
"4266",1,"Permanent"
"4267",1,"Permanent"
"4268",1,"Permanent"
"4269",1,"Permanent"
"4270",2,"Permanent"
"4271",1,"Permanent"
"4272",1,"Permanent"
"4273",1,"Permanent"
"4274",2,"Permanent"
"4275",1,"Permanent"
"4276",1,"Permanent"
"4277",1,"Permanent"
"4278",1,"Permanent"
"4279",1,"Permanent"
"4280",1,"Permanent"
"4281",1,"Permanent"
"4282",1,"Permanent"
"4283",1,"Permanent"
"4284",2,"Permanent"
"4285",3,"Permanent"
"4286",2,"Permanent"
"4287",1,"Street"
"4288",1,"Street"
"4289",1,"Street"
"4290",1,"Street"
"4291",1,"Street"
"4292",1,"Street"
"4293",1,"Street"
"4294",1,"Street"
"4295",1,"Street"
"4296",1,"Street"
"4297",1,"Street"
"4298",1,"Street"
"4299",1,"Street"
"4300",1,"Street"
"4301",1,"Street"
"4302",1,"Street"
"4303",1,"Street"
"4304",1,"Street"
"4305",1,"Street"
"4306",2,"Street"
"4307",1,"Street"
"4308",2,"Street"
"4309",2,"Street"
"4310",2,"Street"
"4311",2,"Street"
"4312",3,"Street"
"4313",2,"Street"
"4314",2,"Street"
"4315",2,"Street"
"4316",2,"Street"
"4317",3,"Street"
"4318",2,"Street"
"4319",2,"Street"
"4320",2,"Street"
"4321",2,"Street"
"4322",2,"Street"
"4323",2,"Street"
"4324",2,"Street"
"4325",3,"Street"
"4326",2,"Street"
"4327",3,"Street"
"4328",3,"Street"
"4329",1,"Permanent"
"4330",1,"Permanent"
"4331",1,"Permanent"
"4332",1,"Permanent"
"4333",1,"Permanent"
"4334",1,"Permanent"
"4335",1,"Permanent"
"4336",1,"Permanent"
"4337",1,"Permanent"
"4338",1,"Permanent"
"4339",1,"Permanent"
"4340",1,"Permanent"
"4341",1,"Permanent"
"4342",1,"Permanent"
"4343",1,"Permanent"
"4344",1,"Permanent"
"4345",1,"Permanent"
"4346",1,"Permanent"
"4347",2,"Permanent"
"4348",2,"Permanent"
"4349",2,"Permanent"
"4350",1,"Permanent"
"4351",2,"Permanent"
"4352",2,"Permanent"
"4353",2,"Permanent"
"4354",2,"Permanent"
"4355",2,"Permanent"
"4356",2,"Permanent"
"4357",2,"Permanent"
"4358",2,"Permanent"
"4359",2,"Permanent"
"4360",2,"Permanent"
"4361",2,"Permanent"
"4362",2,"Permanent"
"4363",2,"Permanent"
"4364",2,"Permanent"
"4365",2,"Permanent"
"4366",3,"Permanent"
"4367",3,"Permanent"
"4368",2,"Permanent"
"4369",3,"Permanent"
"4370",3,"Permanent"
"4371",1,"Permanent"
"4372",2,"Permanent"
"4373",3,"Permanent"
"4374",1,"Street"
"4375",1,"Street"
"4376",1,"Street"
"4377",1,"Street"
"4378",1,"Street"
"4379",1,"Street"
"4380",1,"Street"
"4381",1,"Street"
"4382",1,"Street"
"4383",2,"Street"
"4384",2,"Street"
"4385",1,"Street"
"4386",1,"Street"
"4387",1,"Street"
"4388",1,"Street"
"4389",1,"Street"
"4390",1,"Street"
"4391",1,"Street"
"4392",1,"Street"
"4393",1,"Permanent"
"4394",1,"Permanent"
"4395",1,"Permanent"
"4396",1,"Permanent"
"4397",1,"Permanent"
"4398",2,"Permanent"
"4399",2,"Permanent"
"4400",2,"Permanent"
"4401",1,"Permanent"
"4402",1,"Permanent"
"4403",1,"Permanent"
"4404",1,"Permanent"
"4405",1,"Permanent"
"4406",1,"Permanent"
"4407",3,"Permanent"
"4408",2,"Permanent"
"4409",1,"Permanent"
"4410",2,"Permanent"
"4411",1,"Permanent"
"4412",1,"Permanent"
"4413",1,"Permanent"
"4414",1,"Permanent"
"4415",1,"Permanent"
"4416",1,"Permanent"
"4417",1,"Permanent"
"4418",2,"Permanent"
"4419",2,"Permanent"
"4420",3,"Permanent"
"4421",2,"Permanent"
"4422",2,"Permanent"
"4423",2,"Permanent"
"4424",2,"Permanent"
"4425",2,"Permanent"
"4426",2,"Permanent"
"4427",4,"Permanent"
"4428",2,"Permanent"
"4429",3,"Permanent"
"4430",2,"Permanent"
"4431",2,"Permanent"
"4432",2,"Permanent"
"4433",5,"Permanent"
"4434",2,"Permanent"
"4435",3,"Permanent"
"4436",3,"Permanent"
"4437",3,"Permanent"
"4438",3,"Permanent"
"4439",3,"Permanent"
"4440",1,"Street"
"4441",1,"Street"
"4442",1,"Street"
"4443",1,"Street"
"4444",1,"Street"
"4445",1,"Street"
"4446",1,"Street"
"4447",1,"Street"
"4448",1,"Street"
"4449",1,"Street"
"4450",1,"Street"
"4451",1,"Street"
"4452",1,"Street"
"4453",1,"Street"
"4454",1,"Street"
"4455",1,"Street"
"4456",1,"Street"
"4457",1,"Street"
"4458",2,"Street"
"4459",2,"Street"
"4460",2,"Street"
"4461",2,"Street"
"4462",2,"Street"
"4463",2,"Street"
"4464",2,"Street"
"4465",3,"Street"
"4466",3,"Street"
"4467",2,"Street"
"4468",2,"Street"
"4469",2,"Street"
"4470",2,"Street"
"4471",3,"Street"
"4472",2,"Street"
"4473",2,"Street"
"4474",2,"Street"
"4475",2,"Street"
"4476",2,"Street"
"4477",2,"Street"
"4478",1,"Permanent"
"4479",1,"Permanent"
"4480",1,"Permanent"
"4481",1,"Permanent"
"4482",1,"Permanent"
"4483",1,"Permanent"
"4484",1,"Permanent"
"4485",1,"Permanent"
"4486",1,"Permanent"
"4487",1,"Permanent"
"4488",1,"Permanent"
"4489",1,"Permanent"
"4490",1,"Permanent"
"4491",1,"Permanent"
"4492",1,"Permanent"
"4493",1,"Permanent"
"4494",1,"Permanent"
"4495",1,"Permanent"
"4496",1,"Permanent"
"4497",2,"Permanent"
"4498",2,"Permanent"
"4499",2,"Permanent"
"4500",2,"Permanent"
"4501",2,"Permanent"
"4502",2,"Permanent"
"4503",2,"Permanent"
"4504",2,"Permanent"
"4505",2,"Permanent"
"4506",2,"Permanent"
"4507",2,"Permanent"
"4508",2,"Permanent"
"4509",2,"Permanent"
"4510",2,"Permanent"
"4511",2,"Permanent"
"4512",2,"Permanent"
"4513",2,"Permanent"
"4514",2,"Permanent"
"4515",2,"Permanent"
"4516",3,"Permanent"
"4517",3,"Permanent"
"4518",3,"Permanent"
"4519",3,"Permanent"
"4520",3,"Permanent"
"4521",3,"Permanent"
"4522",3,"Permanent"
"4523",3,"Permanent"
"4524",3,"Permanent"
"4525",3,"Permanent"
"4526",3,"Permanent"
"4527",1,"Permanent"
"4528",1,"Permanent"
"4529",1,"Permanent"
"4530",1,"Permanent"
"4531",1,"Permanent"
"4532",1,"Permanent"
"4533",1,"Permanent"
"4534",1,"Permanent"
"4535",1,"Permanent"
"4536",1,"Permanent"
"4537",1,"Permanent"
"4538",2,"Permanent"
"4539",2,"Permanent"
"4540",1,"Permanent"
"4541",1,"Permanent"
"4542",1,"Permanent"
"4543",1,"Permanent"
"4544",3,"Permanent"
"4545",2,"Permanent"
"4546",1,"Permanent"
"4547",1,"Permanent"
"4548",1,"Permanent"
"4549",2,"Permanent"
"4550",1,"Permanent"
"4551",2,"Permanent"
"4552",2,"Permanent"
"4553",2,"Permanent"
"4554",2,"Permanent"
"4555",2,"Permanent"
"4556",2,"Permanent"
"4557",2,"Permanent"
"4558",3,"Permanent"
"4559",2,"Permanent"
"4560",2,"Permanent"
"4561",2,"Permanent"
"4562",3,"Permanent"
"4563",2,"Permanent"
"4564",2,"Permanent"
"4565",2,"Permanent"
"4566",2,"Permanent"
"4567",3,"Permanent"
"4568",4,"Permanent"
"4569",1,"Street"
"4570",1,"Street"
"4571",1,"Street"
"4572",1,"Street"
"4573",1,"Street"
"4574",1,"Street"
"4575",1,"Street"
"4576",1,"Street"
"4577",1,"Street"
"4578",1,"Street"
"4579",1,"Street"
"4580",1,"Street"
"4581",1,"Street"
"4582",1,"Street"
"4583",1,"Street"
"4584",1,"Street"
"4585",1,"Street"
"4586",1,"Street"
"4587",1,"Street"
"4588",2,"Street"
"4589",2,"Street"
"4590",2,"Street"
"4591",2,"Street"
"4592",2,"Street"
"4593",2,"Street"
"4594",2,"Street"
"4595",2,"Street"
"4596",2,"Street"
"4597",1,"Street"
"4598",2,"Street"
"4599",2,"Street"
"4600",2,"Street"
"4601",2,"Street"
"4602",2,"Street"
"4603",2,"Street"
"4604",2,"Street"
"4605",2,"Street"
"4606",3,"Street"
"4607",3,"Street"
"4608",3,"Street"
"4609",3,"Street"
"4610",3,"Street"
"4611",3,"Street"
"4612",3,"Street"
"4613",3,"Street"
"4614",1,"Permanent"
"4615",1,"Permanent"
"4616",1,"Permanent"
"4617",1,"Permanent"
"4618",1,"Permanent"
"4619",1,"Permanent"
"4620",1,"Permanent"
"4621",1,"Permanent"
"4622",2,"Permanent"
"4623",1,"Permanent"
"4624",1,"Permanent"
"4625",1,"Permanent"
"4626",1,"Permanent"
"4627",1,"Permanent"
"4628",1,"Permanent"
"4629",1,"Permanent"
"4630",1,"Permanent"
"4631",1,"Permanent"
"4632",1,"Permanent"
"4633",2,"Permanent"
"4634",1,"Permanent"
"4635",2,"Permanent"
"4636",2,"Permanent"
"4637",2,"Permanent"
"4638",2,"Permanent"
"4639",2,"Permanent"
"4640",2,"Permanent"
"4641",2,"Permanent"
"4642",2,"Permanent"
"4643",2,"Permanent"
"4644",2,"Permanent"
"4645",2,"Permanent"
"4646",2,"Permanent"
"4647",2,"Permanent"
"4648",2,"Permanent"
"4649",2,"Permanent"
"4650",2,"Permanent"
"4651",3,"Permanent"
"4652",3,"Permanent"
"4653",3,"Permanent"
"4654",3,"Permanent"
"4655",3,"Permanent"
"4656",3,"Permanent"
"4657",3,"Permanent"
"4658",3,"Permanent"
"4659",3,"Permanent"
"4660",3,"Permanent"
"4661",3,"Permanent"
"4662",3,"Permanent"
"4663",3,"Permanent"
"4664",3,"Permanent"
"4665",3,"Permanent"
"4666",4,"Permanent"
"4667",1,"Permanent"
"4668",1,"Permanent"
"4669",1,"Permanent"
"4670",1,"Permanent"
"4671",1,"Permanent"
"4672",1,"Permanent"
"4673",1,"Permanent"
"4674",1,"Permanent"
"4675",1,"Permanent"
"4676",1,"Permanent"
"4677",1,"Permanent"
"4678",1,"Permanent"
"4679",1,"Permanent"
"4680",1,"Permanent"
"4681",1,"Permanent"
"4682",2,"Permanent"
"4683",3,"Permanent"
"4684",2,"Permanent"
"4685",1,"Permanent"
"4686",1,"Permanent"
"4687",1,"Permanent"
"4688",2,"Permanent"
"4689",2,"Permanent"
"4690",2,"Permanent"
"4691",1,"Permanent"
"4692",2,"Permanent"
"4693",1,"Permanent"
"4694",2,"Permanent"
"4695",2,"Permanent"
"4696",1,"Permanent"
"4697",1,"Permanent"
"4698",2,"Permanent"
"4699",2,"Permanent"
"4700",2,"Permanent"
"4701",2,"Permanent"
"4702",2,"Permanent"
"4703",4,"Permanent"
"4704",2,"Permanent"
"4705",3,"Permanent"
"4706",2,"Permanent"
"4707",2,"Permanent"
"4708",3,"Permanent"
"4709",2,"Permanent"
"4710",2,"Permanent"
"4711",3,"Permanent"
"4712",5,"Permanent"
"4713",2,"Permanent"
"4714",2,"Permanent"
"4715",3,"Permanent"
"4716",3,"Permanent"
"4717",2,"Permanent"
"4718",3,"Permanent"
"4719",3,"Permanent"
"4720",3,"Permanent"
"4721",2,"Permanent"
"4722",3,"Permanent"
"4723",3,"Permanent"
"4724",3,"Permanent"
"4725",3,"Permanent"
"4726",3,"Permanent"
"4727",3,"Permanent"
"4728",3,"Permanent"
"4729",3,"Permanent"
"4730",3,"Permanent"
"4731",4,"Permanent"
"4732",4,"Permanent"
"4733",1,"Street"
"4734",1,"Street"
"4735",1,"Street"
"4736",1,"Street"
"4737",1,"Street"
"4738",2,"Street"
"4739",2,"Street"
"4740",1,"Street"
"4741",1,"Street"
"4742",1,"Street"
"4743",1,"Street"
"4744",1,"Street"
"4745",1,"Street"
"4746",1,"Street"
"4747",1,"Street"
"4748",1,"Street"
"4749",1,"Street"
"4750",1,"Street"
"4751",1,"Street"
"4752",1,"Street"
"4753",1,"Street"
"4754",2,"Street"
"4755",2,"Street"
"4756",2,"Street"
"4757",2,"Street"
"4758",2,"Street"
"4759",1,"Permanent"
"4760",1,"Permanent"
"4761",1,"Permanent"
"4762",1,"Permanent"
"4763",1,"Permanent"
"4764",1,"Permanent"
"4765",1,"Permanent"
"4766",1,"Permanent"
"4767",1,"Permanent"
"4768",1,"Permanent"
"4769",1,"Permanent"
"4770",1,"Permanent"
"4771",1,"Permanent"
"4772",1,"Permanent"
"4773",1,"Permanent"
"4774",1,"Permanent"
"4775",1,"Permanent"
"4776",1,"Permanent"
"4777",1,"Permanent"
"4778",1,"Permanent"
"4779",2,"Permanent"
"4780",2,"Permanent"
"4781",2,"Permanent"
"4782",2,"Permanent"
"4783",2,"Permanent"
"4784",2,"Permanent"
"4785",2,"Permanent"
"4786",2,"Permanent"
"4787",2,"Permanent"
"4788",2,"Permanent"
"4789",2,"Permanent"
"4790",2,"Permanent"
"4791",2,"Permanent"
"4792",2,"Permanent"
"4793",2,"Permanent"
"4794",3,"Permanent"
"4795",3,"Permanent"
"4796",2,"Permanent"
"4797",2,"Permanent"
"4798",2,"Permanent"
"4799",3,"Permanent"
"4800",3,"Permanent"
"4801",3,"Permanent"
"4802",2,"Permanent"
"4803",3,"Permanent"
"4804",3,"Permanent"
"4805",4,"Permanent"
"4806",1,"Street"
"4807",2,"Street"
"4808",1,"Street"
"4809",1,"Street"
"4810",1,"Street"
"4811",3,"Street"
"4812",1,"Street"
"4813",1,"Street"
"4814",1,"Street"
"4815",1,"Street"
"4816",1,"Street"
"4817",1,"Street"
"4818",1,"Street"
"4819",1,"Street"
"4820",1,"Street"
"4821",1,"Street"
"4822",1,"Street"
"4823",1,"Street"
"4824",1,"Street"
"4825",2,"Street"
"4826",1,"Street"
"4827",2,"Street"
"4828",2,"Street"
"4829",2,"Street"
"4830",3,"Street"
"4831",2,"Street"
"4832",2,"Street"
"4833",1,"Street"
"4834",2,"Street"
"4835",2,"Street"
"4836",2,"Street"
"4837",2,"Street"
"4838",2,"Street"
"4839",1,"Street"
"4840",2,"Street"
"4841",2,"Street"
"4842",2,"Street"
"4843",2,"Street"
"4844",2,"Street"
"4845",4,"Street"
"4846",2,"Street"
"4847",3,"Street"
"4848",3,"Street"
"4849",3,"Street"
"4850",3,"Street"
"4851",1,"Street"
"4852",1,"Street"
"4853",1,"Street"
"4854",1,"Street"
"4855",1,"Street"
"4856",1,"Street"
"4857",1,"Street"
"4858",1,"Street"
"4859",1,"Street"
"4860",1,"Street"
"4861",1,"Street"
"4862",1,"Street"
"4863",1,"Street"
"4864",1,"Street"
"4865",1,"Street"
"4866",1,"Street"
"4867",1,"Street"
"4868",1,"Street"
"4869",1,"Street"
"4870",2,"Street"
"4871",2,"Street"
"4872",2,"Street"
"4873",2,"Street"
"4874",2,"Street"
"4875",2,"Street"
"4876",2,"Street"
"4877",1,"Street"
"4878",2,"Street"
"4879",2,"Street"
"4880",2,"Street"
"4881",2,"Street"
"4882",2,"Street"
"4883",3,"Street"
"4884",2,"Street"
"4885",2,"Street"
"4886",2,"Street"
"4887",1,"Street"
"4888",1,"Street"
"4889",1,"Street"
"4890",1,"Street"
"4891",1,"Street"
"4892",1,"Street"
"4893",1,"Street"
"4894",1,"Street"
"4895",1,"Street"
"4896",1,"Street"
"4897",1,"Street"
"4898",1,"Street"
"4899",1,"Street"
"4900",1,"Street"
"4901",1,"Street"
"4902",1,"Street"
"4903",1,"Street"
"4904",1,"Street"
"4905",1,"Street"
"4906",1,"Street"
"4907",2,"Street"
"4908",1,"Street"
"4909",2,"Street"
"4910",2,"Street"
"4911",2,"Street"
"4912",2,"Street"
"4913",2,"Street"
"4914",2,"Street"
"4915",2,"Street"
"4916",2,"Street"
"4917",1,"Street"
"4918",2,"Street"
"4919",2,"Street"
"4920",1,"Permanent"
"4921",1,"Permanent"
"4922",1,"Permanent"
"4923",1,"Permanent"
"4924",1,"Permanent"
"4925",1,"Permanent"
"4926",1,"Permanent"
"4927",1,"Permanent"
"4928",1,"Permanent"
"4929",1,"Permanent"
"4930",1,"Permanent"
"4931",1,"Permanent"
"4932",1,"Permanent"
"4933",1,"Permanent"
"4934",1,"Permanent"
"4935",1,"Permanent"
"4936",1,"Permanent"
"4937",2,"Permanent"
"4938",2,"Permanent"
"4939",2,"Permanent"
"4940",1,"Permanent"
"4941",2,"Permanent"
"4942",2,"Permanent"
"4943",1,"Permanent"
"4944",2,"Permanent"
"4945",3,"Permanent"
"4946",2,"Permanent"
"4947",2,"Permanent"
"4948",2,"Permanent"
"4949",2,"Permanent"
"4950",2,"Permanent"
"4951",1,"Permanent"
"4952",2,"Permanent"
"4953",3,"Permanent"
"4954",2,"Permanent"
"4955",2,"Permanent"
"4956",2,"Permanent"
"4957",2,"Permanent"
"4958",3,"Permanent"
"4959",3,"Permanent"
"4960",2,"Permanent"
"4961",3,"Permanent"
"4962",2,"Permanent"
"4963",2,"Permanent"
"4964",3,"Permanent"
"4965",4,"Permanent"
"4966",3,"Permanent"
"4967",3,"Permanent"
"4968",3,"Permanent"
"4969",3,"Permanent"
"4970",3,"Permanent"
"4971",2,"Permanent"
"4972",4,"Permanent"
"4973",3,"Permanent"
"4974",3,"Permanent"
"4975",3,"Permanent"
"4976",3,"Permanent"
"4977",4,"Permanent"
"4978",4,"Permanent"
"4979",3,"Permanent"
"4980",4,"Permanent"
"4981",3,"Permanent"
"4982",3,"Permanent"
"4983",3,"Permanent"
"4984",4,"Permanent"
"4985",3,"Permanent"
"4986",4,"Permanent"
"4987",5,"Permanent"
"4988",4,"Permanent"
"4989",4,"Permanent"
"4990",4,"Permanent"
"4991",4,"Permanent"
"4992",4,"Permanent"
"4993",4,"Permanent"
"4994",4,"Permanent"
"4995",4,"Permanent"
"4996",1,"Permanent"
"4997",1,"Permanent"
"4998",1,"Permanent"
"4999",1,"Permanent"
"5000",1,"Permanent"
"5001",1,"Permanent"
"5002",1,"Permanent"
"5003",1,"Permanent"
"5004",1,"Permanent"
"5005",1,"Permanent"
"5006",1,"Permanent"
"5007",1,"Permanent"
"5008",1,"Permanent"
"5009",1,"Permanent"
"5010",1,"Permanent"
"5011",1,"Permanent"
"5012",1,"Permanent"
"5013",1,"Permanent"
"5014",1,"Permanent"
"5015",1,"Permanent"
"5016",1,"Permanent"
"5017",1,"Permanent"
"5018",2,"Permanent"
"5019",2,"Permanent"
"5020",2,"Permanent"
"5021",2,"Permanent"
"5022",2,"Permanent"
"5023",2,"Permanent"
"5024",2,"Permanent"
"5025",2,"Permanent"
"5026",2,"Permanent"
"5027",2,"Permanent"
"5028",2,"Permanent"
"5029",2,"Permanent"
"5030",2,"Permanent"
"5031",2,"Permanent"
"5032",2,"Permanent"
"5033",2,"Permanent"
"5034",2,"Permanent"
"5035",2,"Permanent"
"5036",2,"Permanent"
"5037",2,"Permanent"
"5038",2,"Permanent"
"5039",3,"Permanent"
"5040",3,"Permanent"
"5041",3,"Permanent"
"5042",3,"Permanent"
"5043",1,"Permanent"
"5044",1,"Permanent"
"5045",2,"Permanent"
"5046",1,"Permanent"
"5047",1,"Permanent"
"5048",1,"Permanent"
"5049",1,"Permanent"
"5050",1,"Permanent"
"5051",1,"Permanent"
"5052",1,"Permanent"
"5053",1,"Permanent"
"5054",1,"Permanent"
"5055",1,"Permanent"
"5056",1,"Permanent"
"5057",1,"Permanent"
"5058",1,"Permanent"
"5059",1,"Permanent"
"5060",1,"Permanent"
"5061",1,"Permanent"
"5062",1,"Permanent"
"5063",1,"Permanent"
"5064",3,"Permanent"
"5065",1,"Permanent"
"5066",1,"Permanent"
"5067",2,"Permanent"
"5068",2,"Permanent"
"5069",2,"Permanent"
"5070",2,"Permanent"
"5071",2,"Permanent"
"5072",2,"Permanent"
"5073",2,"Permanent"
"5074",2,"Permanent"
"5075",2,"Permanent"
"5076",2,"Permanent"
"5077",2,"Permanent"
"5078",2,"Permanent"
"5079",2,"Permanent"
"5080",2,"Permanent"
"5081",2,"Permanent"
"5082",2,"Permanent"
"5083",2,"Permanent"
"5084",2,"Permanent"
"5085",2,"Permanent"
"5086",3,"Permanent"
"5087",2,"Permanent"
"5088",1,"Permanent"
"5089",1,"Permanent"
"5090",1,"Permanent"
"5091",1,"Permanent"
"5092",1,"Permanent"
"5093",1,"Permanent"
"5094",1,"Permanent"
"5095",1,"Permanent"
"5096",1,"Permanent"
"5097",1,"Permanent"
"5098",1,"Permanent"
"5099",1,"Permanent"
"5100",1,"Permanent"
"5101",1,"Permanent"
"5102",1,"Permanent"
"5103",1,"Permanent"
"5104",1,"Permanent"
"5105",1,"Permanent"
"5106",1,"Permanent"
"5107",1,"Permanent"
"5108",1,"Permanent"
"5109",2,"Permanent"
"5110",1,"Permanent"
"5111",2,"Permanent"
"5112",2,"Permanent"
"5113",2,"Permanent"
"5114",2,"Permanent"
"5115",2,"Permanent"
"5116",2,"Permanent"
"5117",2,"Permanent"
"5118",2,"Permanent"
"5119",2,"Permanent"
"5120",2,"Permanent"
"5121",2,"Permanent"
"5122",2,"Permanent"
"5123",2,"Permanent"
"5124",2,"Permanent"
"5125",2,"Permanent"
"5126",2,"Permanent"
"5127",2,"Permanent"
"5128",2,"Permanent"
"5129",2,"Permanent"
"5130",3,"Permanent"
"5131",3,"Permanent"
"5132",2,"Permanent"
"5133",3,"Permanent"
"5134",3,"Permanent"
"5135",3,"Permanent"
"5136",3,"Permanent"
"5137",3,"Permanent"
"5138",3,"Permanent"
"5139",3,"Permanent"
"5140",3,"Permanent"
"5141",3,"Permanent"
"5142",3,"Permanent"
"5143",3,"Permanent"
"5144",2,"Permanent"
"5145",3,"Permanent"
"5146",3,"Permanent"
"5147",3,"Permanent"
"5148",1,"Permanent"
"5149",1,"Permanent"
"5150",1,"Permanent"
"5151",1,"Permanent"
"5152",1,"Permanent"
"5153",1,"Permanent"
"5154",2,"Permanent"
"5155",1,"Permanent"
"5156",1,"Permanent"
"5157",1,"Permanent"
"5158",1,"Permanent"
"5159",1,"Permanent"
"5160",1,"Permanent"
"5161",1,"Permanent"
"5162",1,"Permanent"
"5163",2,"Permanent"
"5164",1,"Permanent"
"5165",1,"Permanent"
"5166",2,"Permanent"
"5167",2,"Permanent"
"5168",1,"Permanent"
"5169",2,"Permanent"
"5170",2,"Permanent"
"5171",2,"Permanent"
"5172",2,"Permanent"
"5173",2,"Permanent"
"5174",2,"Permanent"
"5175",2,"Permanent"
"5176",2,"Permanent"
"5177",3,"Permanent"
"5178",3,"Permanent"
"5179",2,"Permanent"
"5180",2,"Permanent"
"5181",3,"Permanent"
"5182",3,"Permanent"
"5183",3,"Permanent"
"5184",3,"Permanent"
"5185",2,"Permanent"
"5186",3,"Permanent"
"5187",3,"Permanent"
"5188",3,"Permanent"
"5189",3,"Permanent"
"5190",3,"Permanent"
"5191",4,"Permanent"
"5192",3,"Permanent"
"5193",2,"Permanent"
"5194",2,"Permanent"
"5195",4,"Permanent"
"5196",3,"Permanent"
"5197",4,"Permanent"
"5198",3,"Permanent"
"5199",1,"Permanent"
"5200",1,"Permanent"
"5201",2,"Permanent"
"5202",1,"Permanent"
"5203",1,"Permanent"
"5204",1,"Permanent"
"5205",1,"Permanent"
"5206",1,"Permanent"
"5207",1,"Permanent"
"5208",1,"Permanent"
"5209",1,"Permanent"
"5210",1,"Permanent"
"5211",3,"Permanent"
"5212",1,"Permanent"
"5213",1,"Permanent"
"5214",1,"Permanent"
"5215",1,"Permanent"
"5216",1,"Permanent"
"5217",1,"Permanent"
"5218",1,"Permanent"
"5219",1,"Permanent"
"5220",1,"Permanent"
"5221",2,"Permanent"
"5222",1,"Permanent"
"5223",2,"Permanent"
"5224",2,"Permanent"
"5225",2,"Permanent"
"5226",1,"Permanent"
"5227",2,"Permanent"
"5228",2,"Permanent"
"5229",2,"Permanent"
"5230",2,"Permanent"
"5231",2,"Permanent"
"5232",2,"Permanent"
"5233",2,"Permanent"
"5234",2,"Permanent"
"5235",2,"Permanent"
"5236",2,"Permanent"
"5237",3,"Permanent"
"5238",1,"Street"
"5239",1,"Street"
"5240",1,"Street"
"5241",1,"Street"
"5242",1,"Street"
"5243",1,"Street"
"5244",1,"Street"
"5245",1,"Street"
"5246",1,"Street"
"5247",1,"Street"
"5248",1,"Street"
"5249",1,"Street"
"5250",1,"Street"
"5251",1,"Street"
"5252",1,"Street"
"5253",1,"Street"
"5254",1,"Street"
"5255",1,"Street"
"5256",1,"Street"
"5257",1,"Street"
"5258",2,"Street"
"5259",2,"Street"
"5260",2,"Street"
"5261",2,"Street"
"5262",2,"Street"
"5263",2,"Street"
"5264",2,"Street"
"5265",2,"Street"
"5266",2,"Street"
"5267",2,"Street"
"5268",2,"Street"
"5269",2,"Street"
"5270",2,"Street"
"5271",2,"Street"
"5272",2,"Street"
"5273",2,"Street"
"5274",2,"Street"
"5275",2,"Street"
"5276",2,"Street"
"5277",2,"Street"
"5278",3,"Street"
"5279",3,"Street"
"5280",3,"Street"
"5281",3,"Street"
"5282",3,"Street"
"5283",3,"Street"
"5284",3,"Street"
"5285",3,"Street"
"5286",4,"Street"
"5287",3,"Street"
"5288",3,"Street"
"5289",3,"Street"
"5290",3,"Street"
"5291",3,"Street"
"5292",3,"Street"
"5293",3,"Street"
"5294",3,"Street"
"5295",4,"Street"
"5296",3,"Street"
"5297",3,"Street"
"5298",3,"Street"
"5299",4,"Street"
"5300",4,"Street"
"5301",4,"Street"
"5302",4,"Street"
"5303",4,"Street"
"5304",4,"Street"
"5305",4,"Street"
"5306",1,"Permanent"
"5307",1,"Permanent"
"5308",1,"Permanent"
"5309",1,"Permanent"
"5310",2,"Permanent"
"5311",1,"Permanent"
"5312",1,"Permanent"
"5313",1,"Permanent"
"5314",1,"Permanent"
"5315",1,"Permanent"
"5316",1,"Permanent"
"5317",1,"Permanent"
"5318",1,"Permanent"
"5319",1,"Permanent"
"5320",1,"Permanent"
"5321",1,"Permanent"
"5322",1,"Permanent"
"5323",1,"Permanent"
"5324",2,"Permanent"
"5325",2,"Permanent"
"5326",2,"Permanent"
"5327",2,"Permanent"
"5328",1,"Permanent"
"5329",2,"Permanent"
"5330",2,"Permanent"
"5331",2,"Permanent"
"5332",1,"Permanent"
"5333",2,"Permanent"
"5334",3,"Permanent"
"5335",2,"Permanent"
"5336",2,"Permanent"
"5337",1,"Permanent"
"5338",2,"Permanent"
"5339",2,"Permanent"
"5340",2,"Permanent"
"5341",3,"Permanent"
"5342",3,"Permanent"
"5343",3,"Permanent"
"5344",3,"Permanent"
"5345",2,"Permanent"
"5346",3,"Permanent"
"5347",3,"Permanent"
"5348",3,"Permanent"
"5349",3,"Permanent"
"5350",1,"Permanent"
"5351",1,"Permanent"
"5352",1,"Permanent"
"5353",1,"Permanent"
"5354",1,"Permanent"
"5355",1,"Permanent"
"5356",1,"Permanent"
"5357",1,"Permanent"
"5358",1,"Permanent"
"5359",1,"Permanent"
"5360",1,"Permanent"
"5361",1,"Permanent"
"5362",1,"Permanent"
"5363",1,"Permanent"
"5364",1,"Permanent"
"5365",1,"Permanent"
"5366",2,"Permanent"
"5367",1,"Permanent"
"5368",1,"Permanent"
"5369",1,"Permanent"
"5370",1,"Permanent"
"5371",2,"Permanent"
"5372",1,"Permanent"
"5373",1,"Permanent"
"5374",2,"Permanent"
"5375",2,"Permanent"
"5376",2,"Permanent"
"5377",2,"Permanent"
"5378",2,"Permanent"
"5379",2,"Permanent"
"5380",2,"Permanent"
"5381",2,"Permanent"
"5382",2,"Permanent"
"5383",2,"Permanent"
"5384",2,"Permanent"
"5385",2,"Permanent"
"5386",2,"Permanent"
"5387",2,"Permanent"
"5388",1,"Permanent"
"5389",1,"Permanent"
"5390",1,"Permanent"
"5391",1,"Permanent"
"5392",1,"Permanent"
"5393",1,"Permanent"
"5394",1,"Permanent"
"5395",1,"Permanent"
"5396",1,"Permanent"
"5397",1,"Permanent"
"5398",1,"Permanent"
"5399",1,"Permanent"
"5400",1,"Permanent"
"5401",1,"Permanent"
"5402",1,"Permanent"
"5403",1,"Permanent"
"5404",1,"Permanent"
"5405",1,"Permanent"
"5406",1,"Permanent"
"5407",2,"Permanent"
"5408",1,"Permanent"
"5409",2,"Permanent"
"5410",2,"Permanent"
"5411",2,"Permanent"
"5412",2,"Permanent"
"5413",2,"Permanent"
"5414",2,"Permanent"
"5415",2,"Permanent"
"5416",2,"Permanent"
"5417",2,"Permanent"
"5418",2,"Permanent"
"5419",2,"Permanent"
"5420",1,"Permanent"
"5421",2,"Permanent"
"5422",2,"Permanent"
"5423",2,"Permanent"
"5424",2,"Permanent"
"5425",2,"Permanent"
"5426",3,"Permanent"
"5427",3,"Permanent"
"5428",3,"Permanent"
"5429",3,"Permanent"
"5430",3,"Permanent"
"5431",1,"Street"
"5432",1,"Street"
"5433",1,"Street"
"5434",1,"Street"
"5435",1,"Street"
"5436",1,"Street"
"5437",1,"Street"
"5438",1,"Street"
"5439",1,"Street"
"5440",1,"Street"
"5441",1,"Street"
"5442",1,"Street"
"5443",1,"Street"
"5444",1,"Street"
"5445",1,"Street"
"5446",1,"Street"
"5447",1,"Street"
"5448",1,"Street"
"5449",1,"Street"
"5450",1,"Street"
"5451",2,"Street"
"5452",2,"Street"
"5453",2,"Street"
"5454",2,"Street"
"5455",1,"Street"
"5456",2,"Street"
"5457",2,"Street"
"5458",2,"Street"
"5459",1,"Permanent"
"5460",1,"Permanent"
"5461",1,"Permanent"
"5462",1,"Permanent"
"5463",1,"Permanent"
"5464",1,"Permanent"
"5465",1,"Permanent"
"5466",1,"Permanent"
"5467",1,"Permanent"
"5468",1,"Permanent"
"5469",1,"Permanent"
"5470",1,"Permanent"
"5471",2,"Permanent"
"5472",2,"Permanent"
"5473",1,"Permanent"
"5474",1,"Permanent"
"5475",2,"Permanent"
"5476",1,"Permanent"
"5477",1,"Permanent"
"5478",1,"Permanent"
"5479",1,"Permanent"
"5480",2,"Permanent"
"5481",1,"Permanent"
"5482",1,"Permanent"
"5483",2,"Permanent"
"5484",2,"Permanent"
"5485",2,"Permanent"
"5486",2,"Permanent"
"5487",2,"Permanent"
"5488",2,"Permanent"
"5489",2,"Permanent"
"5490",3,"Permanent"
"5491",2,"Permanent"
"5492",2,"Permanent"
"5493",2,"Permanent"
"5494",3,"Permanent"
"5495",2,"Permanent"
"5496",2,"Permanent"
"5497",2,"Permanent"
"5498",3,"Permanent"
"5499",2,"Permanent"
"5500",2,"Permanent"
"5501",3,"Permanent"
"5502",3,"Permanent"
"5503",3,"Permanent"
"5504",3,"Permanent"
"5505",3,"Permanent"
"5506",3,"Permanent"
"5507",3,"Permanent"
"5508",3,"Permanent"
"5509",4,"Permanent"
"5510",4,"Permanent"
"5511",4,"Permanent"
"5512",4,"Permanent"
"5513",4,"Permanent"
"5514",4,"Permanent"
"5515",4,"Permanent"
"5516",5,"Permanent"
"5517",4,"Permanent"
"5518",5,"Permanent"
"5519",3,"Permanent"
"5520",5,"Permanent"
"5521",1,"Permanent"
"5522",1,"Permanent"
"5523",1,"Permanent"
"5524",1,"Permanent"
"5525",1,"Permanent"
"5526",1,"Permanent"
"5527",1,"Permanent"
"5528",1,"Permanent"
"5529",1,"Permanent"
"5530",1,"Permanent"
"5531",1,"Permanent"
"5532",1,"Permanent"
"5533",1,"Permanent"
"5534",1,"Permanent"
"5535",1,"Permanent"
"5536",1,"Permanent"
"5537",1,"Permanent"
"5538",1,"Permanent"
"5539",2,"Permanent"
"5540",1,"Permanent"
"5541",2,"Permanent"
"5542",2,"Permanent"
"5543",2,"Permanent"
"5544",2,"Permanent"
"5545",2,"Permanent"
"5546",2,"Permanent"
"5547",2,"Permanent"
"5548",2,"Permanent"
"5549",2,"Permanent"
"5550",2,"Permanent"
"5551",2,"Permanent"
"5552",2,"Permanent"
"5553",2,"Permanent"
"5554",2,"Permanent"
"5555",2,"Permanent"
"5556",1,"Permanent"
"5557",3,"Permanent"
"5558",1,"Street"
"5559",1,"Street"
"5560",1,"Street"
"5561",1,"Street"
"5562",1,"Street"
"5563",1,"Street"
"5564",1,"Street"
"5565",1,"Street"
"5566",1,"Street"
"5567",1,"Street"
"5568",1,"Street"
"5569",1,"Street"
"5570",1,"Street"
"5571",1,"Street"
"5572",1,"Street"
"5573",2,"Street"
"5574",2,"Street"
"5575",1,"Street"
"5576",2,"Street"
"5577",2,"Street"
"5578",1,"Permanent"
"5579",1,"Permanent"
"5580",1,"Permanent"
"5581",1,"Permanent"
"5582",1,"Permanent"
"5583",1,"Permanent"
"5584",1,"Permanent"
"5585",1,"Permanent"
"5586",1,"Permanent"
"5587",1,"Permanent"
"5588",1,"Permanent"
"5589",1,"Permanent"
"5590",1,"Permanent"
"5591",1,"Permanent"
"5592",1,"Permanent"
"5593",1,"Permanent"
"5594",1,"Permanent"
"5595",2,"Permanent"
"5596",1,"Permanent"
"5597",2,"Permanent"
"5598",2,"Permanent"
"5599",2,"Permanent"
"5600",2,"Permanent"
"5601",2,"Permanent"
"5602",2,"Permanent"
"5603",1,"Permanent"
"5604",2,"Permanent"
"5605",2,"Permanent"
"5606",2,"Permanent"
"5607",2,"Permanent"
"5608",2,"Permanent"
"5609",2,"Permanent"
"5610",2,"Permanent"
"5611",2,"Permanent"
"5612",2,"Permanent"
"5613",3,"Permanent"
"5614",2,"Permanent"
"5615",3,"Permanent"
"5616",3,"Permanent"
"5617",3,"Permanent"
"5618",3,"Permanent"
"5619",3,"Permanent"
"5620",3,"Permanent"
"5621",2,"Permanent"
"5622",3,"Permanent"
"5623",3,"Permanent"
"5624",3,"Permanent"
"5625",3,"Permanent"
"5626",3,"Permanent"
"5627",3,"Permanent"
"5628",3,"Permanent"
"5629",3,"Permanent"
"5630",3,"Permanent"
"5631",4,"Permanent"
"5632",4,"Permanent"
"5633",3,"Permanent"
"5634",4,"Permanent"
"5635",4,"Permanent"
"5636",4,"Permanent"
"5637",4,"Permanent"
"5638",4,"Permanent"
"5639",3,"Permanent"
"5640",4,"Permanent"
"5641",4,"Permanent"
"5642",4,"Permanent"
"5643",4,"Permanent"
"5644",5,"Permanent"
"5645",5,"Permanent"
"5646",4,"Permanent"
"5647",4,"Permanent"
"5648",4,"Permanent"
"5649",5,"Permanent"
"5650",4,"Permanent"
"5651",5,"Permanent"
"5652",5,"Permanent"
"5653",4,"Permanent"
"5654",4,"Permanent"
"5655",5,"Permanent"
"5656",4,"Permanent"
"5657",5,"Permanent"
"5658",6,"Permanent"
"5659",6,"Permanent"
"5660",1,"Permanent"
"5661",1,"Permanent"
"5662",1,"Permanent"
"5663",1,"Permanent"
"5664",1,"Permanent"
"5665",1,"Permanent"
"5666",1,"Permanent"
"5667",1,"Permanent"
"5668",1,"Permanent"
"5669",1,"Permanent"
"5670",1,"Permanent"
"5671",1,"Permanent"
"5672",1,"Permanent"
"5673",1,"Permanent"
"5674",1,"Permanent"
"5675",1,"Permanent"
"5676",1,"Permanent"
"5677",2,"Permanent"
"5678",2,"Permanent"
"5679",2,"Permanent"
"5680",1,"Permanent"
"5681",2,"Permanent"
"5682",2,"Permanent"
"5683",2,"Permanent"
"5684",2,"Permanent"
"5685",2,"Permanent"
"5686",2,"Permanent"
"5687",2,"Permanent"
"5688",2,"Permanent"
"5689",2,"Permanent"
"5690",2,"Permanent"
"5691",1,"Street"
"5692",1,"Street"
"5693",1,"Street"
"5694",2,"Street"
"5695",1,"Street"
"5696",1,"Street"
"5697",1,"Street"
"5698",2,"Street"
"5699",1,"Street"
"5700",2,"Street"
"5701",1,"Street"
"5702",1,"Street"
"5703",1,"Street"
"5704",1,"Street"
"5705",1,"Street"
"5706",1,"Street"
"5707",1,"Street"
"5708",1,"Street"
"5709",1,"Street"
"5710",2,"Street"
"5711",1,"Permanent"
"5712",1,"Permanent"
"5713",1,"Permanent"
"5714",1,"Permanent"
"5715",1,"Permanent"
"5716",1,"Permanent"
"5717",1,"Permanent"
"5718",1,"Permanent"
"5719",2,"Permanent"
"5720",1,"Permanent"
"5721",1,"Permanent"
"5722",1,"Permanent"
"5723",1,"Permanent"
"5724",1,"Permanent"
"5725",1,"Permanent"
"5726",1,"Permanent"
"5727",1,"Permanent"
"5728",2,"Permanent"
"5729",1,"Permanent"
"5730",2,"Permanent"
"5731",2,"Permanent"
"5732",1,"Permanent"
"5733",2,"Permanent"
"5734",2,"Permanent"
"5735",2,"Permanent"
"5736",2,"Permanent"
"5737",3,"Permanent"
"5738",2,"Permanent"
"5739",2,"Permanent"
"5740",2,"Permanent"
"5741",2,"Permanent"
"5742",2,"Permanent"
"5743",2,"Permanent"
"5744",2,"Permanent"
"5745",3,"Permanent"
"5746",3,"Permanent"
"5747",3,"Permanent"
"5748",1,"Street"
"5749",1,"Street"
"5750",1,"Street"
"5751",1,"Street"
"5752",1,"Street"
"5753",1,"Street"
"5754",1,"Street"
"5755",1,"Street"
"5756",1,"Street"
"5757",1,"Street"
"5758",1,"Street"
"5759",1,"Street"
"5760",1,"Street"
"5761",1,"Street"
"5762",2,"Street"
"5763",2,"Street"
"5764",1,"Street"
"5765",1,"Street"
"5766",2,"Street"
"5767",1,"Street"
"5768",1,"Street"
"5769",1,"Street"
"5770",2,"Street"
"5771",3,"Street"
"5772",2,"Street"
"5773",2,"Street"
"5774",2,"Street"
"5775",3,"Street"
"5776",1,"Street"
"5777",1,"Street"
"5778",1,"Street"
"5779",1,"Street"
"5780",1,"Street"
"5781",1,"Street"
"5782",1,"Street"
"5783",1,"Street"
"5784",1,"Street"
"5785",1,"Street"
"5786",1,"Street"
"5787",1,"Street"
"5788",1,"Street"
"5789",1,"Street"
"5790",2,"Street"
"5791",2,"Street"
"5792",1,"Street"
"5793",1,"Street"
"5794",1,"Street"
"5795",2,"Street"
"5796",2,"Street"
"5797",1,"Street"
"5798",1,"Street"
"5799",1,"Street"
"5800",1,"Street"
"5801",1,"Street"
"5802",1,"Street"
"5803",1,"Street"
"5804",1,"Street"
"5805",1,"Street"
"5806",1,"Street"
"5807",2,"Street"
"5808",1,"Street"
"5809",1,"Street"
"5810",1,"Street"
"5811",1,"Street"
"5812",1,"Street"
"5813",1,"Street"
"5814",1,"Street"
"5815",2,"Street"
"5816",2,"Street"
"5817",2,"Street"
"5818",2,"Street"
"5819",2,"Street"
"5820",2,"Street"
"5821",2,"Street"
"5822",2,"Street"
"5823",2,"Street"
"5824",2,"Street"
"5825",2,"Street"
"5826",3,"Street"
"5827",2,"Street"
"5828",2,"Street"
"5829",2,"Street"
"5830",2,"Street"
"5831",3,"Street"
"5832",2,"Street"
"5833",3,"Street"
"5834",3,"Street"
"5835",3,"Street"
"5836",3,"Street"
"5837",3,"Street"
"5838",4,"Street"
"5839",3,"Street"
"5840",3,"Street"
"5841",3,"Street"
"5842",3,"Street"
"5843",4,"Street"
"5844",3,"Street"
"5845",3,"Street"
"5846",3,"Street"
"5847",3,"Street"
"5848",4,"Street"
"5849",3,"Street"
"5850",3,"Street"
"5851",4,"Street"
"5852",4,"Street"
"5853",5,"Street"
"5854",4,"Street"
"5855",4,"Street"
"5856",4,"Street"
"5857",4,"Street"
"5858",4,"Street"
"5859",5,"Street"
"5860",1,"Permanent"
"5861",2,"Permanent"
"5862",1,"Permanent"
"5863",1,"Permanent"
"5864",1,"Permanent"
"5865",1,"Permanent"
"5866",1,"Permanent"
"5867",1,"Permanent"
"5868",1,"Permanent"
"5869",1,"Permanent"
"5870",1,"Permanent"
"5871",1,"Permanent"
"5872",1,"Permanent"
"5873",1,"Permanent"
"5874",1,"Permanent"
"5875",1,"Permanent"
"5876",1,"Permanent"
"5877",2,"Permanent"
"5878",1,"Permanent"
"5879",3,"Permanent"
"5880",1,"Permanent"
"5881",1,"Permanent"
"5882",2,"Permanent"
"5883",2,"Permanent"
"5884",1,"Permanent"
"5885",1,"Permanent"
"5886",1,"Permanent"
"5887",1,"Permanent"
"5888",1,"Permanent"
"5889",1,"Permanent"
"5890",1,"Permanent"
"5891",1,"Permanent"
"5892",1,"Permanent"
"5893",1,"Permanent"
"5894",1,"Permanent"
"5895",1,"Permanent"
"5896",3,"Permanent"
"5897",1,"Permanent"
"5898",3,"Permanent"
"5899",1,"Permanent"
"5900",1,"Permanent"
"5901",1,"Permanent"
"5902",2,"Permanent"
"5903",2,"Permanent"
"5904",2,"Permanent"
"5905",2,"Permanent"
"5906",2,"Permanent"
"5907",1,"Permanent"
"5908",1,"Permanent"
"5909",1,"Permanent"
"5910",2,"Permanent"
"5911",1,"Permanent"
"5912",1,"Permanent"
"5913",1,"Permanent"
"5914",1,"Permanent"
"5915",1,"Permanent"
"5916",1,"Permanent"
"5917",1,"Permanent"
"5918",1,"Permanent"
"5919",1,"Permanent"
"5920",1,"Permanent"
"5921",1,"Permanent"
"5922",1,"Permanent"
"5923",1,"Permanent"
"5924",1,"Permanent"
"5925",1,"Permanent"
"5926",1,"Permanent"
"5927",2,"Permanent"
"5928",1,"Permanent"
"5929",1,"Permanent"
"5930",1,"Permanent"
"5931",1,"Permanent"
"5932",1,"Permanent"
"5933",1,"Permanent"
"5934",1,"Permanent"
"5935",1,"Permanent"
"5936",1,"Permanent"
"5937",1,"Permanent"
"5938",1,"Permanent"
"5939",1,"Permanent"
"5940",1,"Permanent"
"5941",1,"Permanent"
"5942",1,"Permanent"
"5943",2,"Permanent"
"5944",1,"Permanent"
"5945",1,"Permanent"
"5946",1,"Permanent"
"5947",2,"Permanent"
"5948",2,"Permanent"
"5949",2,"Permanent"
"5950",3,"Permanent"
"5951",2,"Permanent"
"5952",2,"Permanent"
"5953",2,"Permanent"
"5954",3,"Permanent"
"5955",2,"Permanent"
"5956",2,"Permanent"
"5957",3,"Permanent"
"5958",2,"Permanent"
"5959",2,"Permanent"
"5960",2,"Permanent"
"5961",2,"Permanent"
"5962",3,"Permanent"
"5963",2,"Permanent"
"5964",2,"Permanent"
"5965",2,"Permanent"
"5966",2,"Permanent"
"5967",3,"Permanent"
"5968",1,"Permanent"
"5969",1,"Permanent"
"5970",1,"Permanent"
"5971",1,"Permanent"
"5972",1,"Permanent"
"5973",1,"Permanent"
"5974",1,"Permanent"
"5975",1,"Permanent"
"5976",1,"Permanent"
"5977",1,"Permanent"
"5978",1,"Permanent"
"5979",1,"Permanent"
"5980",1,"Permanent"
"5981",2,"Permanent"
"5982",1,"Permanent"
"5983",1,"Permanent"
"5984",1,"Permanent"
"5985",1,"Permanent"
"5986",1,"Permanent"
"5987",2,"Permanent"
"5988",1,"Permanent"
"5989",1,"Street"
"5990",1,"Street"
"5991",1,"Street"
"5992",1,"Street"
"5993",1,"Street"
"5994",1,"Street"
"5995",1,"Street"
"5996",1,"Street"
"5997",1,"Street"
"5998",1,"Street"
"5999",1,"Street"
"6000",1,"Street"
"6001",1,"Street"
"6002",1,"Street"
"6003",1,"Street"
"6004",1,"Street"
"6005",1,"Street"
"6006",2,"Street"
"6007",2,"Street"
"6008",2,"Street"
"6009",2,"Street"
"6010",2,"Street"
"6011",2,"Street"
"6012",2,"Street"
"6013",2,"Street"
"6014",2,"Street"
"6015",2,"Street"
"6016",2,"Street"
"6017",2,"Street"
"6018",2,"Street"
"6019",2,"Street"
"6020",2,"Street"
"6021",2,"Street"
"6022",2,"Street"
"6023",3,"Street"
"6024",3,"Street"
"6025",3,"Street"
"6026",3,"Street"
"6027",3,"Street"
"6028",3,"Street"
"6029",3,"Street"
"6030",3,"Street"
"6031",3,"Street"
"6032",3,"Street"
"6033",3,"Street"
"6034",3,"Street"
"6035",3,"Street"
"6036",3,"Street"
"6037",3,"Street"
"6038",3,"Street"
"6039",3,"Street"
"6040",4,"Street"
"6041",4,"Street"
"6042",4,"Street"
"6043",4,"Street"
"6044",4,"Street"
"6045",4,"Street"
"6046",4,"Street"
"6047",4,"Street"
"6048",4,"Street"
"6049",4,"Street"
"6050",5,"Street"
"6051",5,"Street"
"6052",4,"Street"
"6053",4,"Street"
"6054",5,"Street"
"6055",4,"Street"
"6056",5,"Street"
"6057",5,"Street"
"6058",5,"Street"
"6059",4,"Street"
"6060",5,"Street"
"6061",5,"Street"
"6062",4,"Street"
"6063",5,"Street"
"6064",5,"Street"
"6065",6,"Street"
"6066",6,"Street"
"6067",6,"Street"
"6068",6,"Street"
"6069",6,"Street"
"6070",6,"Street"
"6071",1,"Permanent"
"6072",1,"Permanent"
"6073",1,"Permanent"
"6074",1,"Permanent"
"6075",1,"Permanent"
"6076",1,"Permanent"
"6077",1,"Permanent"
"6078",1,"Permanent"
"6079",1,"Permanent"
"6080",1,"Permanent"
"6081",1,"Permanent"
"6082",1,"Permanent"
"6083",1,"Permanent"
"6084",1,"Permanent"
"6085",1,"Permanent"
"6086",1,"Permanent"
"6087",2,"Permanent"
"6088",1,"Permanent"
"6089",1,"Permanent"
"6090",2,"Permanent"
"6091",1,"Permanent"
"6092",2,"Permanent"
"6093",1,"Permanent"
"6094",1,"Permanent"
"6095",1,"Permanent"
"6096",1,"Permanent"
"6097",1,"Permanent"
"6098",1,"Permanent"
"6099",1,"Permanent"
"6100",1,"Permanent"
"6101",1,"Permanent"
"6102",1,"Permanent"
"6103",1,"Permanent"
"6104",1,"Permanent"
"6105",3,"Permanent"
"6106",1,"Permanent"
"6107",1,"Permanent"
"6108",2,"Permanent"
"6109",2,"Permanent"
"6110",1,"Permanent"
"6111",1,"Permanent"
"6112",2,"Permanent"
"6113",1,"Permanent"
"6114",1,"Permanent"
"6115",1,"Permanent"
"6116",1,"Permanent"
"6117",1,"Permanent"
"6118",1,"Permanent"
"6119",1,"Permanent"
"6120",1,"Permanent"
"6121",1,"Permanent"
"6122",1,"Permanent"
"6123",1,"Permanent"
"6124",1,"Permanent"
"6125",1,"Permanent"
"6126",1,"Permanent"
"6127",1,"Permanent"
"6128",1,"Permanent"
"6129",1,"Permanent"
"6130",1,"Permanent"
"6131",1,"Permanent"
"6132",2,"Permanent"
"6133",2,"Permanent"
"6134",2,"Permanent"
"6135",2,"Permanent"
"6136",2,"Permanent"
"6137",2,"Permanent"
"6138",1,"Street"
"6139",1,"Street"
"6140",1,"Street"
"6141",1,"Street"
"6142",1,"Street"
"6143",1,"Street"
"6144",1,"Street"
"6145",1,"Street"
"6146",1,"Street"
"6147",1,"Street"
"6148",1,"Street"
"6149",1,"Street"
"6150",1,"Street"
"6151",1,"Street"
"6152",1,"Street"
"6153",2,"Street"
"6154",2,"Street"
"6155",1,"Street"
"6156",1,"Street"
"6157",2,"Street"
"6158",1,"Street"
"6159",2,"Street"
"6160",2,"Street"
"6161",1,"Permanent"
"6162",1,"Permanent"
"6163",1,"Permanent"
"6164",1,"Permanent"
"6165",1,"Permanent"
"6166",1,"Permanent"
"6167",1,"Permanent"
"6168",1,"Permanent"
"6169",1,"Permanent"
"6170",1,"Permanent"
"6171",1,"Permanent"
"6172",1,"Permanent"
"6173",1,"Permanent"
"6174",1,"Permanent"
"6175",1,"Permanent"
"6176",1,"Permanent"
"6177",1,"Permanent"
"6178",2,"Permanent"
"6179",2,"Permanent"
"6180",2,"Permanent"
"6181",2,"Permanent"
"6182",2,"Permanent"
"6183",2,"Permanent"
"6184",2,"Permanent"
"6185",2,"Permanent"
"6186",2,"Permanent"
"6187",2,"Permanent"
"6188",2,"Permanent"
"6189",2,"Permanent"
"6190",2,"Permanent"
"6191",2,"Permanent"
"6192",2,"Permanent"
"6193",2,"Permanent"
"6194",2,"Permanent"
"6195",3,"Permanent"
"6196",3,"Permanent"
"6197",3,"Permanent"
"6198",3,"Permanent"
"6199",3,"Permanent"
"6200",3,"Permanent"
"6201",3,"Permanent"
"6202",3,"Permanent"
"6203",3,"Permanent"
"6204",3,"Permanent"
"6205",3,"Permanent"
"6206",3,"Permanent"
"6207",3,"Permanent"
"6208",3,"Permanent"
"6209",3,"Permanent"
"6210",3,"Permanent"
"6211",3,"Permanent"
"6212",4,"Permanent"
"6213",4,"Permanent"
"6214",4,"Permanent"
"6215",4,"Permanent"
"6216",4,"Permanent"
"6217",4,"Permanent"
"6218",4,"Permanent"
"6219",4,"Permanent"
"6220",4,"Permanent"
"6221",4,"Permanent"
"6222",4,"Permanent"
"6223",4,"Permanent"
"6224",4,"Permanent"
"6225",4,"Permanent"
"6226",4,"Permanent"
"6227",4,"Permanent"
"6228",5,"Permanent"
"6229",5,"Permanent"
"6230",1,"Permanent"
"6231",1,"Permanent"
"6232",1,"Permanent"
"6233",1,"Permanent"
"6234",1,"Permanent"
"6235",1,"Permanent"
"6236",1,"Permanent"
"6237",1,"Permanent"
"6238",1,"Permanent"
"6239",1,"Permanent"
"6240",1,"Permanent"
"6241",1,"Permanent"
"6242",1,"Permanent"
"6243",1,"Permanent"
"6244",1,"Permanent"
"6245",2,"Permanent"
"6246",1,"Permanent"
"6247",1,"Permanent"
"6248",1,"Permanent"
"6249",1,"Permanent"
"6250",1,"Permanent"
"6251",3,"Permanent"
"6252",1,"Street"
"6253",1,"Street"
"6254",1,"Street"
"6255",1,"Street"
"6256",1,"Street"
"6257",1,"Street"
"6258",1,"Street"
"6259",2,"Street"
"6260",1,"Street"
"6261",1,"Street"
"6262",1,"Street"
"6263",1,"Street"
"6264",1,"Street"
"6265",1,"Street"
"6266",1,"Street"
"6267",1,"Street"
"6268",1,"Street"
"6269",1,"Street"
"6270",2,"Street"
"6271",2,"Street"
"6272",1,"Permanent"
"6273",1,"Permanent"
"6274",1,"Permanent"
"6275",1,"Permanent"
"6276",1,"Permanent"
"6277",1,"Permanent"
"6278",1,"Permanent"
"6279",1,"Permanent"
"6280",1,"Permanent"
"6281",1,"Permanent"
"6282",1,"Permanent"
"6283",1,"Permanent"
"6284",1,"Permanent"
"6285",1,"Permanent"
"6286",1,"Permanent"
"6287",1,"Permanent"
"6288",1,"Permanent"
"6289",1,"Permanent"
"6290",1,"Permanent"
"6291",2,"Permanent"
"6292",2,"Permanent"
"6293",2,"Permanent"
"6294",2,"Permanent"
"6295",2,"Permanent"
"6296",2,"Permanent"
"6297",2,"Permanent"
"6298",2,"Permanent"
"6299",2,"Permanent"
"6300",2,"Permanent"
"6301",2,"Permanent"
"6302",2,"Permanent"
"6303",2,"Permanent"
"6304",3,"Permanent"
"6305",1,"Permanent"
"6306",1,"Permanent"
"6307",1,"Permanent"
"6308",1,"Permanent"
"6309",1,"Permanent"
"6310",1,"Permanent"
"6311",1,"Permanent"
"6312",1,"Permanent"
"6313",1,"Permanent"
"6314",1,"Permanent"
"6315",1,"Permanent"
"6316",1,"Permanent"
"6317",1,"Permanent"
"6318",1,"Permanent"
"6319",1,"Permanent"
"6320",1,"Permanent"
"6321",1,"Permanent"
"6322",1,"Permanent"
"6323",1,"Permanent"
"6324",1,"Permanent"
"6325",2,"Permanent"
"6326",2,"Permanent"
"6327",2,"Permanent"
"6328",2,"Permanent"
"6329",2,"Permanent"
"6330",2,"Permanent"
"6331",2,"Permanent"
"6332",2,"Permanent"
"6333",2,"Permanent"
"6334",2,"Permanent"
"6335",1,"Street"
"6336",1,"Street"
"6337",1,"Street"
"6338",1,"Street"
"6339",1,"Street"
"6340",1,"Street"
"6341",1,"Street"
"6342",1,"Street"
"6343",1,"Street"
"6344",1,"Street"
"6345",2,"Street"
"6346",1,"Street"
"6347",2,"Street"
"6348",1,"Street"
"6349",1,"Street"
"6350",2,"Street"
"6351",1,"Street"
"6352",1,"Street"
"6353",3,"Street"
"6354",1,"Street"
"6355",1,"Street"
"6356",2,"Street"
"6357",2,"Street"
"6358",2,"Street"
"6359",2,"Street"
"6360",3,"Street"
"6361",2,"Street"
"6362",3,"Street"
"6363",2,"Street"
"6364",2,"Street"
"6365",2,"Street"
"6366",2,"Street"
"6367",2,"Street"
"6368",2,"Street"
"6369",4,"Street"
"6370",4,"Street"
"6371",1,"Permanent"
"6372",1,"Permanent"
"6373",1,"Permanent"
"6374",1,"Permanent"
"6375",1,"Permanent"
"6376",1,"Permanent"
"6377",1,"Permanent"
"6378",2,"Permanent"
"6379",1,"Permanent"
"6380",1,"Permanent"
"6381",1,"Permanent"
"6382",1,"Permanent"
"6383",1,"Permanent"
"6384",1,"Permanent"
"6385",2,"Permanent"
"6386",1,"Permanent"
"6387",1,"Permanent"
"6388",1,"Permanent"
"6389",2,"Permanent"
"6390",2,"Permanent"
"6391",3,"Permanent"
"6392",1,"Street"
"6393",1,"Street"
"6394",1,"Street"
"6395",1,"Street"
"6396",1,"Street"
"6397",1,"Street"
"6398",1,"Street"
"6399",1,"Street"
"6400",1,"Street"
"6401",1,"Street"
"6402",1,"Street"
"6403",1,"Street"
"6404",1,"Street"
"6405",1,"Street"
"6406",2,"Street"
"6407",1,"Street"
"6408",1,"Street"
"6409",1,"Street"
"6410",2,"Street"
"6411",1,"Street"
"6412",1,"Street"
"6413",3,"Street"
"6414",1,"Street"
"6415",3,"Street"
"6416",2,"Street"
"6417",2,"Street"
"6418",1,"Street"
"6419",1,"Street"
"6420",1,"Street"
"6421",1,"Street"
"6422",1,"Street"
"6423",1,"Street"
"6424",1,"Street"
"6425",1,"Street"
"6426",1,"Street"
"6427",1,"Street"
"6428",1,"Street"
"6429",1,"Street"
"6430",1,"Street"
"6431",1,"Street"
"6432",1,"Street"
"6433",1,"Street"
"6434",1,"Street"
"6435",2,"Street"
"6436",1,"Street"
"6437",2,"Street"
"6438",1,"Permanent"
"6439",1,"Permanent"
"6440",1,"Permanent"
"6441",1,"Permanent"
"6442",1,"Permanent"
"6443",1,"Permanent"
"6444",1,"Permanent"
"6445",1,"Permanent"
"6446",1,"Permanent"
"6447",1,"Permanent"
"6448",1,"Permanent"
"6449",1,"Permanent"
"6450",1,"Permanent"
"6451",1,"Permanent"
"6452",1,"Permanent"
"6453",1,"Permanent"
"6454",2,"Permanent"
"6455",2,"Permanent"
"6456",1,"Permanent"
"6457",2,"Permanent"
"6458",1,"Permanent"
"6459",1,"Permanent"
"6460",1,"Permanent"
"6461",1,"Permanent"
"6462",1,"Permanent"
"6463",1,"Permanent"
"6464",1,"Permanent"
"6465",1,"Permanent"
"6466",1,"Permanent"
"6467",1,"Permanent"
"6468",1,"Permanent"
"6469",1,"Permanent"
"6470",1,"Permanent"
"6471",1,"Permanent"
"6472",1,"Permanent"
"6473",1,"Permanent"
"6474",2,"Permanent"
"6475",2,"Permanent"
"6476",2,"Permanent"
"6477",1,"Permanent"
"6478",2,"Permanent"
"6479",2,"Permanent"
"6480",2,"Permanent"
"6481",1,"Permanent"
"6482",1,"Permanent"
"6483",1,"Permanent"
"6484",1,"Permanent"
"6485",1,"Permanent"
"6486",1,"Permanent"
"6487",1,"Permanent"
"6488",1,"Permanent"
"6489",1,"Permanent"
"6490",1,"Permanent"
"6491",1,"Permanent"
"6492",1,"Permanent"
"6493",1,"Permanent"
"6494",1,"Permanent"
"6495",1,"Permanent"
"6496",1,"Permanent"
"6497",1,"Permanent"
"6498",1,"Permanent"
"6499",2,"Permanent"
"6500",1,"Permanent"
"6501",2,"Permanent"
"6502",2,"Permanent"
"6503",2,"Permanent"
"6504",2,"Permanent"
"6505",2,"Permanent"
"6506",2,"Permanent"
"6507",2,"Permanent"
"6508",2,"Permanent"
"6509",1,"Permanent"
"6510",1,"Permanent"
"6511",1,"Permanent"
"6512",1,"Permanent"
"6513",1,"Permanent"
"6514",1,"Permanent"
"6515",1,"Permanent"
"6516",1,"Permanent"
"6517",1,"Permanent"
"6518",1,"Permanent"
"6519",1,"Permanent"
"6520",1,"Permanent"
"6521",1,"Permanent"
"6522",1,"Permanent"
"6523",1,"Permanent"
"6524",1,"Permanent"
"6525",1,"Permanent"
"6526",1,"Permanent"
"6527",2,"Permanent"
"6528",2,"Permanent"
"6529",1,"Permanent"
"6530",2,"Permanent"
"6531",3,"Permanent"
"6532",2,"Permanent"
"6533",3,"Permanent"
"6534",3,"Permanent"
"6535",2,"Permanent"
"6536",2,"Permanent"
"6537",2,"Permanent"
"6538",2,"Permanent"
"6539",2,"Permanent"
"6540",2,"Permanent"
"6541",2,"Permanent"
"6542",2,"Permanent"
"6543",2,"Permanent"
"6544",2,"Permanent"
"6545",3,"Permanent"
"6546",3,"Permanent"
"6547",3,"Permanent"
"6548",3,"Permanent"
"6549",1,"Permanent"
"6550",1,"Permanent"
"6551",1,"Permanent"
"6552",1,"Permanent"
"6553",1,"Permanent"
"6554",1,"Permanent"
"6555",1,"Permanent"
"6556",1,"Permanent"
"6557",1,"Permanent"
"6558",1,"Permanent"
"6559",1,"Permanent"
"6560",1,"Permanent"
"6561",2,"Permanent"
"6562",1,"Permanent"
"6563",1,"Permanent"
"6564",1,"Permanent"
"6565",1,"Permanent"
"6566",1,"Permanent"
"6567",1,"Permanent"
"6568",2,"Permanent"
"6569",1,"Permanent"
"6570",1,"Permanent"
"6571",1,"Permanent"
"6572",1,"Permanent"
"6573",1,"Permanent"
"6574",1,"Permanent"
"6575",1,"Permanent"
"6576",1,"Permanent"
"6577",1,"Permanent"
"6578",1,"Permanent"
"6579",1,"Permanent"
"6580",1,"Permanent"
"6581",1,"Permanent"
"6582",1,"Permanent"
"6583",1,"Permanent"
"6584",1,"Permanent"
"6585",2,"Permanent"
"6586",2,"Permanent"
"6587",2,"Permanent"
"6588",2,"Permanent"
"6589",2,"Permanent"
"6590",2,"Permanent"
"6591",2,"Permanent"
"6592",2,"Permanent"
"6593",2,"Permanent"
"6594",2,"Permanent"
"6595",2,"Permanent"
"6596",2,"Permanent"
"6597",2,"Permanent"
"6598",2,"Permanent"
"6599",2,"Permanent"
"6600",3,"Permanent"
"6601",3,"Permanent"
"6602",2,"Permanent"
"6603",1,"Permanent"
"6604",1,"Permanent"
"6605",1,"Permanent"
"6606",1,"Permanent"
"6607",1,"Permanent"
"6608",1,"Permanent"
"6609",1,"Permanent"
"6610",1,"Permanent"
"6611",1,"Permanent"
"6612",1,"Permanent"
"6613",2,"Permanent"
"6614",1,"Permanent"
"6615",1,"Permanent"
"6616",1,"Permanent"
"6617",1,"Permanent"
"6618",1,"Permanent"
"6619",1,"Permanent"
"6620",1,"Permanent"
"6621",1,"Permanent"
"6622",2,"Permanent"
"6623",2,"Permanent"
"6624",1,"Street"
"6625",1,"Street"
"6626",1,"Street"
"6627",1,"Street"
"6628",1,"Street"
"6629",1,"Street"
"6630",1,"Street"
"6631",1,"Street"
"6632",1,"Street"
"6633",1,"Street"
"6634",1,"Street"
"6635",1,"Street"
"6636",1,"Street"
"6637",2,"Street"
"6638",2,"Street"
"6639",2,"Street"
"6640",1,"Street"
"6641",1,"Street"
"6642",1,"Street"
"6643",3,"Street"
"6644",1,"Street"
"6645",1,"Street"
"6646",1,"Street"
"6647",2,"Street"
"6648",3,"Street"
"6649",1,"Street"
"6650",1,"Street"
"6651",1,"Street"
"6652",1,"Street"
"6653",1,"Street"
"6654",1,"Street"
"6655",1,"Street"
"6656",1,"Street"
"6657",1,"Street"
"6658",1,"Street"
"6659",1,"Street"
"6660",1,"Street"
"6661",1,"Street"
"6662",1,"Street"
"6663",1,"Street"
"6664",1,"Street"
"6665",1,"Street"
"6666",2,"Street"
"6667",1,"Street"
"6668",1,"Street"
"6669",1,"Permanent"
"6670",1,"Permanent"
"6671",1,"Permanent"
"6672",1,"Permanent"
"6673",1,"Permanent"
"6674",1,"Permanent"
"6675",1,"Permanent"
"6676",1,"Permanent"
"6677",1,"Permanent"
"6678",1,"Permanent"
"6679",1,"Permanent"
"6680",1,"Permanent"
"6681",1,"Permanent"
"6682",1,"Permanent"
"6683",1,"Permanent"
"6684",1,"Permanent"
"6685",1,"Permanent"
"6686",1,"Permanent"
"6687",1,"Permanent"
"6688",1,"Permanent"
"6689",2,"Permanent"
"6690",2,"Permanent"
"6691",2,"Permanent"
"6692",1,"Permanent"
"6693",1,"Permanent"
"6694",1,"Permanent"
"6695",2,"Permanent"
"6696",1,"Permanent"
"6697",1,"Permanent"
"6698",1,"Permanent"
"6699",1,"Permanent"
"6700",1,"Permanent"
"6701",1,"Permanent"
"6702",1,"Permanent"
"6703",1,"Permanent"
"6704",1,"Permanent"
"6705",1,"Permanent"
"6706",1,"Permanent"
"6707",1,"Permanent"
"6708",1,"Permanent"
"6709",2,"Permanent"
"6710",1,"Permanent"
"6711",1,"Permanent"
"6712",2,"Permanent"
"6713",2,"Permanent"
"6714",3,"Permanent"
"6715",2,"Permanent"
"6716",1,"Street"
"6717",1,"Street"
"6718",1,"Street"
"6719",1,"Street"
"6720",1,"Street"
"6721",1,"Street"
"6722",1,"Street"
"6723",1,"Street"
"6724",1,"Street"
"6725",1,"Street"
"6726",1,"Street"
"6727",1,"Street"
"6728",1,"Street"
"6729",1,"Street"
"6730",1,"Street"
"6731",1,"Street"
"6732",2,"Street"
"6733",2,"Street"
"6734",2,"Street"
"6735",1,"Street"
"6736",2,"Street"
"6737",1,"Street"
"6738",1,"Street"
"6739",2,"Street"
"6740",2,"Street"
"6741",2,"Street"
"6742",2,"Street"
"6743",2,"Street"
"6744",3,"Street"
"6745",1,"Permanent"
"6746",1,"Permanent"
"6747",1,"Permanent"
"6748",1,"Permanent"
"6749",1,"Permanent"
"6750",1,"Permanent"
"6751",1,"Permanent"
"6752",1,"Permanent"
"6753",1,"Permanent"
"6754",1,"Permanent"
"6755",1,"Permanent"
"6756",1,"Permanent"
"6757",1,"Permanent"
"6758",1,"Permanent"
"6759",1,"Permanent"
"6760",1,"Permanent"
"6761",1,"Permanent"
"6762",1,"Permanent"
"6763",2,"Permanent"
"6764",1,"Permanent"
"6765",2,"Permanent"
"6766",2,"Permanent"
"6767",2,"Permanent"
"6768",2,"Permanent"
"6769",2,"Permanent"
"6770",1,"Permanent"
"6771",1,"Permanent"
"6772",1,"Permanent"
"6773",1,"Permanent"
"6774",1,"Permanent"
"6775",1,"Permanent"
"6776",1,"Permanent"
"6777",1,"Permanent"
"6778",1,"Permanent"
"6779",1,"Permanent"
"6780",1,"Permanent"
"6781",1,"Permanent"
"6782",1,"Permanent"
"6783",1,"Permanent"
"6784",1,"Permanent"
"6785",2,"Permanent"
"6786",1,"Permanent"
"6787",1,"Permanent"
"6788",1,"Street"
"6789",1,"Street"
"6790",1,"Street"
"6791",1,"Street"
"6792",1,"Street"
"6793",1,"Street"
"6794",1,"Street"
"6795",1,"Street"
"6796",1,"Street"
"6797",1,"Street"
"6798",1,"Street"
"6799",1,"Street"
"6800",1,"Street"
"6801",1,"Street"
"6802",1,"Street"
"6803",1,"Street"
"6804",1,"Street"
"6805",1,"Street"
"6806",2,"Street"
"6807",1,"Street"
"6808",2,"Street"
"6809",3,"Street"
"6810",1,"Permanent"
"6811",1,"Permanent"
"6812",1,"Permanent"
"6813",1,"Permanent"
"6814",1,"Permanent"
"6815",1,"Permanent"
"6816",1,"Permanent"
"6817",1,"Permanent"
"6818",1,"Permanent"
"6819",1,"Permanent"
"6820",1,"Permanent"
"6821",1,"Permanent"
"6822",1,"Permanent"
"6823",1,"Permanent"
"6824",1,"Permanent"
"6825",1,"Permanent"
"6826",1,"Permanent"
"6827",1,"Permanent"
"6828",1,"Permanent"
"6829",2,"Permanent"
"6830",1,"Permanent"
"6831",2,"Permanent"
"6832",2,"Permanent"
"6833",2,"Permanent"
"6834",2,"Permanent"
"6835",2,"Permanent"
"6836",2,"Permanent"
"6837",2,"Permanent"
"6838",2,"Permanent"
"6839",2,"Permanent"
"6840",2,"Permanent"
"6841",2,"Permanent"
"6842",2,"Permanent"
"6843",2,"Permanent"
"6844",3,"Permanent"
"6845",2,"Permanent"
"6846",2,"Permanent"
"6847",2,"Permanent"
"6848",2,"Permanent"
"6849",3,"Permanent"
"6850",1,"Permanent"
"6851",1,"Permanent"
"6852",1,"Permanent"
"6853",1,"Permanent"
"6854",1,"Permanent"
"6855",1,"Permanent"
"6856",1,"Permanent"
"6857",1,"Permanent"
"6858",2,"Permanent"
"6859",1,"Permanent"
"6860",1,"Permanent"
"6861",1,"Permanent"
"6862",1,"Permanent"
"6863",1,"Permanent"
"6864",1,"Permanent"
"6865",1,"Permanent"
"6866",1,"Permanent"
"6867",1,"Permanent"
"6868",1,"Permanent"
"6869",1,"Permanent"
"6870",2,"Permanent"
"6871",1,"Permanent"
"6872",2,"Permanent"
"6873",3,"Permanent"
"6874",2,"Permanent"
"6875",2,"Permanent"
"6876",2,"Permanent"
"6877",3,"Permanent"
"6878",2,"Permanent"
"6879",2,"Permanent"
"6880",2,"Permanent"
"6881",2,"Permanent"
"6882",2,"Permanent"
"6883",2,"Permanent"
"6884",2,"Permanent"
"6885",2,"Permanent"
"6886",3,"Permanent"
"6887",1,"Street"
"6888",1,"Street"
"6889",1,"Street"
"6890",1,"Street"
"6891",1,"Street"
"6892",1,"Street"
"6893",1,"Street"
"6894",1,"Street"
"6895",1,"Street"
"6896",1,"Street"
"6897",1,"Street"
"6898",1,"Street"
"6899",1,"Street"
"6900",1,"Street"
"6901",1,"Street"
"6902",1,"Street"
"6903",2,"Street"
"6904",1,"Street"
"6905",1,"Street"
"6906",2,"Street"
"6907",1,"Street"
"6908",2,"Street"
"6909",2,"Street"
"6910",2,"Street"
"6911",3,"Street"
"6912",2,"Street"
"6913",1,"Permanent"
"6914",1,"Permanent"
"6915",1,"Permanent"
"6916",1,"Permanent"
"6917",1,"Permanent"
"6918",1,"Permanent"
"6919",1,"Permanent"
"6920",1,"Permanent"
"6921",1,"Permanent"
"6922",1,"Permanent"
"6923",1,"Permanent"
"6924",1,"Permanent"
"6925",1,"Permanent"
"6926",1,"Permanent"
"6927",1,"Permanent"
"6928",1,"Permanent"
"6929",1,"Permanent"
"6930",1,"Permanent"
"6931",1,"Permanent"
"6932",1,"Permanent"
"6933",2,"Permanent"
"6934",2,"Permanent"
"6935",2,"Permanent"
"6936",2,"Permanent"
"6937",2,"Permanent"
"6938",2,"Permanent"
"6939",2,"Permanent"
"6940",2,"Permanent"
"6941",2,"Permanent"
"6942",2,"Permanent"
"6943",2,"Permanent"
"6944",2,"Permanent"
"6945",2,"Permanent"
"6946",2,"Permanent"
"6947",2,"Permanent"
"6948",2,"Permanent"
"6949",2,"Permanent"
"6950",1,"Street"
"6951",1,"Street"
"6952",1,"Street"
"6953",1,"Street"
"6954",1,"Street"
"6955",1,"Street"
"6956",1,"Street"
"6957",1,"Street"
"6958",1,"Street"
"6959",1,"Street"
"6960",2,"Street"
"6961",2,"Street"
"6962",1,"Street"
"6963",1,"Street"
"6964",1,"Street"
"6965",1,"Street"
"6966",1,"Street"
"6967",1,"Street"
"6968",1,"Street"
"6969",1,"Street"
"6970",1,"Street"
"6971",1,"Street"
"6972",2,"Street"
"6973",1,"Street"
"6974",1,"Street"
"6975",1,"Street"
"6976",1,"Street"
"6977",1,"Street"
"6978",1,"Street"
"6979",1,"Street"
"6980",1,"Street"
"6981",1,"Street"
"6982",1,"Street"
"6983",1,"Street"
"6984",1,"Street"
"6985",1,"Street"
"6986",1,"Street"
"6987",1,"Street"
"6988",1,"Street"
"6989",2,"Street"
"6990",1,"Street"
"6991",1,"Street"
"6992",1,"Street"
"6993",2,"Street"
"6994",2,"Street"
"6995",1,"Permanent"
"6996",1,"Permanent"
"6997",1,"Permanent"
"6998",1,"Permanent"
"6999",1,"Permanent"
"7000",1,"Permanent"
"7001",1,"Permanent"
"7002",1,"Permanent"
"7003",1,"Permanent"
"7004",1,"Permanent"
"7005",1,"Permanent"
"7006",1,"Permanent"
"7007",1,"Permanent"
"7008",1,"Permanent"
"7009",1,"Permanent"
"7010",1,"Permanent"
"7011",1,"Permanent"
"7012",1,"Permanent"
"7013",2,"Permanent"
"7014",1,"Permanent"
"7015",2,"Permanent"
"7016",1,"Permanent"
"7017",2,"Permanent"
"7018",1,"Permanent"
"7019",2,"Permanent"
"7020",1,"Permanent"
"7021",1,"Permanent"
"7022",1,"Permanent"
"7023",1,"Permanent"
"7024",1,"Permanent"
"7025",1,"Permanent"
"7026",1,"Permanent"
"7027",1,"Permanent"
"7028",1,"Permanent"
"7029",1,"Permanent"
"7030",1,"Permanent"
"7031",1,"Permanent"
"7032",1,"Permanent"
"7033",1,"Permanent"
"7034",1,"Permanent"
"7035",1,"Permanent"
"7036",1,"Permanent"
"7037",1,"Permanent"
"7038",1,"Permanent"
"7039",2,"Permanent"
"7040",3,"Permanent"
"7041",1,"Permanent"
"7042",1,"Permanent"
"7043",1,"Permanent"
"7044",1,"Permanent"
"7045",1,"Permanent"
"7046",1,"Permanent"
"7047",1,"Permanent"
"7048",1,"Permanent"
"7049",1,"Permanent"
"7050",1,"Permanent"
"7051",1,"Permanent"
"7052",1,"Permanent"
"7053",1,"Permanent"
"7054",1,"Permanent"
"7055",1,"Permanent"
"7056",1,"Permanent"
"7057",2,"Permanent"
"7058",1,"Permanent"
"7059",2,"Permanent"
"7060",1,"Permanent"
"7061",2,"Permanent"
"7062",2,"Permanent"
"7063",1,"Permanent"
"7064",2,"Permanent"
"7065",2,"Permanent"
"7066",2,"Permanent"
"7067",2,"Permanent"
"7068",2,"Permanent"
"7069",3,"Permanent"
"7070",1,"Permanent"
"7071",1,"Permanent"
"7072",1,"Permanent"
"7073",1,"Permanent"
"7074",1,"Permanent"
"7075",1,"Permanent"
"7076",1,"Permanent"
"7077",1,"Permanent"
"7078",1,"Permanent"
"7079",1,"Permanent"
"7080",1,"Permanent"
"7081",1,"Permanent"
"7082",1,"Permanent"
"7083",1,"Permanent"
"7084",1,"Permanent"
"7085",1,"Permanent"
"7086",1,"Permanent"
"7087",1,"Permanent"
"7088",1,"Permanent"
"7089",2,"Permanent"
"7090",2,"Permanent"
"7091",2,"Permanent"
"7092",2,"Permanent"
"7093",2,"Permanent"
"7094",2,"Permanent"
"7095",2,"Permanent"
"7096",2,"Permanent"
"7097",2,"Permanent"
"7098",2,"Permanent"
"7099",2,"Permanent"
"7100",2,"Permanent"
"7101",2,"Permanent"
"7102",2,"Permanent"
"7103",2,"Permanent"
"7104",3,"Permanent"
"7105",2,"Permanent"
"7106",2,"Permanent"
"7107",2,"Permanent"
"7108",3,"Permanent"
"7109",3,"Permanent"
"7110",3,"Permanent"
"7111",3,"Permanent"
"7112",3,"Permanent"
"7113",3,"Permanent"
"7114",3,"Permanent"
"7115",3,"Permanent"
"7116",3,"Permanent"
"7117",3,"Permanent"
"7118",3,"Permanent"
"7119",3,"Permanent"
"7120",3,"Permanent"
"7121",4,"Permanent"
"7122",4,"Permanent"
"7123",4,"Permanent"
"7124",4,"Permanent"
"7125",3,"Permanent"
"7126",4,"Permanent"
"7127",5,"Permanent"
"7128",4,"Permanent"
"7129",5,"Permanent"
"7130",5,"Permanent"
"7131",4,"Permanent"
"7132",3,"Permanent"
"7133",4,"Permanent"
"7134",4,"Permanent"
"7135",5,"Permanent"
"7136",4,"Permanent"
"7137",4,"Permanent"
"7138",4,"Permanent"
"7139",5,"Permanent"
"7140",4,"Permanent"
"7141",4,"Permanent"
"7142",5,"Permanent"
"7143",6,"Permanent"
"7144",6,"Permanent"
"7145",5,"Permanent"
"7146",5,"Permanent"
"7147",1,"Permanent"
"7148",1,"Permanent"
"7149",1,"Permanent"
"7150",1,"Permanent"
"7151",1,"Permanent"
"7152",1,"Permanent"
"7153",1,"Permanent"
"7154",1,"Permanent"
"7155",1,"Permanent"
"7156",1,"Permanent"
"7157",1,"Permanent"
"7158",1,"Permanent"
"7159",1,"Permanent"
"7160",1,"Permanent"
"7161",1,"Permanent"
"7162",1,"Permanent"
"7163",1,"Permanent"
"7164",1,"Permanent"
"7165",1,"Permanent"
"7166",2,"Permanent"
"7167",1,"Permanent"
"7168",2,"Permanent"
"7169",2,"Permanent"
"7170",2,"Permanent"
"7171",1,"Permanent"
"7172",1,"Permanent"
"7173",1,"Permanent"
"7174",2,"Permanent"
"7175",1,"Permanent"
"7176",1,"Permanent"
"7177",1,"Permanent"
"7178",1,"Permanent"
"7179",1,"Permanent"
"7180",1,"Permanent"
"7181",1,"Permanent"
"7182",1,"Permanent"
"7183",1,"Permanent"
"7184",1,"Permanent"
"7185",1,"Permanent"
"7186",1,"Permanent"
"7187",1,"Permanent"
"7188",1,"Permanent"
"7189",2,"Permanent"
"7190",1,"Permanent"
"7191",2,"Permanent"
"7192",3,"Permanent"
"7193",1,"Permanent"
"7194",2,"Permanent"
"7195",1,"Permanent"
"7196",1,"Permanent"
"7197",1,"Permanent"
"7198",2,"Permanent"
"7199",1,"Permanent"
"7200",1,"Permanent"
"7201",1,"Permanent"
"7202",1,"Permanent"
"7203",1,"Permanent"
"7204",1,"Permanent"
"7205",2,"Permanent"
"7206",1,"Permanent"
"7207",1,"Permanent"
"7208",1,"Permanent"
"7209",1,"Permanent"
"7210",2,"Permanent"
"7211",1,"Permanent"
"7212",2,"Permanent"
"7213",1,"Permanent"
"7214",1,"Permanent"
"7215",1,"Permanent"
"7216",1,"Permanent"
"7217",1,"Permanent"
"7218",1,"Permanent"
"7219",2,"Permanent"
"7220",2,"Permanent"
"7221",3,"Permanent"
"7222",2,"Permanent"
"7223",2,"Permanent"
"7224",1,"Street"
"7225",1,"Street"
"7226",1,"Street"
"7227",1,"Street"
"7228",1,"Street"
"7229",1,"Street"
"7230",1,"Street"
"7231",1,"Street"
"7232",1,"Street"
"7233",1,"Street"
"7234",1,"Street"
"7235",1,"Street"
"7236",1,"Street"
"7237",1,"Street"
"7238",1,"Street"
"7239",1,"Street"
"7240",1,"Street"
"7241",1,"Street"
"7242",1,"Street"
"7243",2,"Street"
"7244",2,"Street"
"7245",2,"Street"
"7246",2,"Street"
"7247",2,"Street"
"7248",2,"Street"
"7249",2,"Street"
"7250",3,"Street"
"7251",2,"Street"
"7252",1,"Street"
"7253",1,"Street"
"7254",1,"Street"
"7255",2,"Street"
"7256",1,"Street"
"7257",1,"Street"
"7258",1,"Street"
"7259",1,"Street"
"7260",1,"Street"
"7261",1,"Street"
"7262",1,"Street"
"7263",1,"Street"
"7264",1,"Street"
"7265",1,"Street"
"7266",1,"Street"
"7267",1,"Street"
"7268",2,"Street"
"7269",2,"Street"
"7270",1,"Street"
"7271",1,"Street"
"7272",1,"Street"
"7273",1,"Street"
"7274",2,"Street"
"7275",2,"Street"
"7276",2,"Street"
"7277",1,"Permanent"
"7278",1,"Permanent"
"7279",1,"Permanent"
"7280",1,"Permanent"
"7281",1,"Permanent"
"7282",1,"Permanent"
"7283",1,"Permanent"
"7284",1,"Permanent"
"7285",1,"Permanent"
"7286",1,"Permanent"
"7287",1,"Permanent"
"7288",1,"Permanent"
"7289",1,"Permanent"
"7290",1,"Permanent"
"7291",1,"Permanent"
"7292",2,"Permanent"
"7293",2,"Permanent"
"7294",1,"Permanent"
"7295",1,"Permanent"
"7296",1,"Permanent"
"7297",1,"Permanent"
"7298",2,"Permanent"
"7299",2,"Permanent"
"7300",2,"Permanent"
"7301",2,"Permanent"
"7302",2,"Permanent"
"7303",2,"Permanent"
"7304",2,"Permanent"
"7305",3,"Permanent"
"7306",2,"Permanent"
"7307",2,"Permanent"
"7308",1,"Street"
"7309",1,"Street"
"7310",1,"Street"
"7311",1,"Street"
"7312",1,"Street"
"7313",1,"Street"
"7314",1,"Street"
"7315",1,"Street"
"7316",1,"Street"
"7317",1,"Street"
"7318",1,"Street"
"7319",1,"Street"
"7320",1,"Street"
"7321",1,"Street"
"7322",2,"Street"
"7323",1,"Street"
"7324",1,"Street"
"7325",1,"Street"
"7326",1,"Street"
"7327",2,"Street"
"7328",2,"Street"
"7329",2,"Street"
"7330",2,"Street"
"7331",1,"Street"
"7332",2,"Street"
"7333",2,"Street"
"7334",1,"Permanent"
"7335",1,"Permanent"
"7336",1,"Permanent"
"7337",1,"Permanent"
"7338",1,"Permanent"
"7339",1,"Permanent"
"7340",1,"Permanent"
"7341",1,"Permanent"
"7342",1,"Permanent"
"7343",1,"Permanent"
"7344",1,"Permanent"
"7345",1,"Permanent"
"7346",2,"Permanent"
"7347",1,"Permanent"
"7348",1,"Permanent"
"7349",1,"Permanent"
"7350",1,"Permanent"
"7351",1,"Permanent"
"7352",1,"Permanent"
"7353",1,"Permanent"
"7354",2,"Permanent"
"7355",2,"Permanent"
"7356",2,"Permanent"
"7357",2,"Permanent"
"7358",2,"Permanent"
"7359",2,"Permanent"
"7360",3,"Permanent"
"7361",2,"Permanent"
"7362",2,"Permanent"
"7363",2,"Permanent"
"7364",2,"Permanent"
"7365",2,"Permanent"
"7366",2,"Permanent"
"7367",1,"Permanent"
"7368",1,"Permanent"
"7369",1,"Permanent"
"7370",1,"Permanent"
"7371",1,"Permanent"
"7372",1,"Permanent"
"7373",1,"Permanent"
"7374",1,"Permanent"
"7375",1,"Permanent"
"7376",1,"Permanent"
"7377",1,"Permanent"
"7378",1,"Permanent"
"7379",1,"Permanent"
"7380",1,"Permanent"
"7381",1,"Permanent"
"7382",1,"Permanent"
"7383",1,"Permanent"
"7384",1,"Permanent"
"7385",1,"Permanent"
"7386",1,"Permanent"
"7387",2,"Permanent"
"7388",2,"Permanent"
"7389",2,"Permanent"
"7390",2,"Permanent"
"7391",2,"Permanent"
"7392",2,"Permanent"
"7393",2,"Permanent"
"7394",2,"Permanent"
"7395",2,"Permanent"
"7396",2,"Permanent"
"7397",2,"Permanent"
"7398",2,"Permanent"
"7399",2,"Permanent"
"7400",3,"Permanent"
"7401",2,"Permanent"
"7402",2,"Permanent"
"7403",2,"Permanent"
"7404",2,"Permanent"
"7405",3,"Permanent"
"7406",3,"Permanent"
"7407",2,"Permanent"
"7408",2,"Permanent"
"7409",3,"Permanent"
"7410",3,"Permanent"
"7411",4,"Permanent"
"7412",1,"Permanent"
"7413",1,"Permanent"
"7414",1,"Permanent"
"7415",1,"Permanent"
"7416",1,"Permanent"
"7417",1,"Permanent"
"7418",1,"Permanent"
"7419",1,"Permanent"
"7420",1,"Permanent"
"7421",1,"Permanent"
"7422",1,"Permanent"
"7423",1,"Permanent"
"7424",2,"Permanent"
"7425",1,"Permanent"
"7426",1,"Permanent"
"7427",1,"Permanent"
"7428",2,"Permanent"
"7429",1,"Permanent"
"7430",1,"Permanent"
"7431",1,"Permanent"
"7432",2,"Permanent"
"7433",2,"Permanent"
"7434",1,"Permanent"
"7435",2,"Permanent"
"7436",2,"Permanent"
"7437",1,"Permanent"
"7438",1,"Permanent"
"7439",1,"Permanent"
"7440",1,"Permanent"
"7441",1,"Permanent"
"7442",1,"Permanent"
"7443",1,"Permanent"
"7444",1,"Permanent"
"7445",1,"Permanent"
"7446",1,"Permanent"
"7447",1,"Permanent"
"7448",1,"Permanent"
"7449",1,"Permanent"
"7450",1,"Permanent"
"7451",1,"Permanent"
"7452",1,"Permanent"
"7453",2,"Permanent"
"7454",2,"Permanent"
"7455",2,"Permanent"
"7456",2,"Permanent"
"7457",2,"Permanent"
"7458",2,"Permanent"
"7459",2,"Permanent"
"7460",2,"Permanent"
"7461",2,"Permanent"
"7462",2,"Permanent"
"7463",2,"Permanent"
"7464",2,"Permanent"
"7465",3,"Permanent"
"7466",3,"Permanent"
"7467",3,"Permanent"
"7468",2,"Permanent"
"7469",3,"Permanent"
"7470",2,"Permanent"
"7471",3,"Permanent"
"7472",3,"Permanent"
"7473",3,"Permanent"
"7474",3,"Permanent"
"7475",1,"Permanent"
"7476",1,"Permanent"
"7477",1,"Permanent"
"7478",1,"Permanent"
"7479",1,"Permanent"
"7480",1,"Permanent"
"7481",1,"Permanent"
"7482",1,"Permanent"
"7483",1,"Permanent"
"7484",1,"Permanent"
"7485",1,"Permanent"
"7486",1,"Permanent"
"7487",1,"Permanent"
"7488",1,"Permanent"
"7489",1,"Permanent"
"7490",1,"Permanent"
"7491",1,"Permanent"
"7492",1,"Permanent"
"7493",2,"Permanent"
"7494",2,"Permanent"
"7495",2,"Permanent"
"7496",1,"Permanent"
"7497",1,"Permanent"
"7498",1,"Permanent"
"7499",1,"Permanent"
"7500",1,"Permanent"
"7501",1,"Permanent"
"7502",1,"Permanent"
"7503",1,"Permanent"
"7504",1,"Permanent"
"7505",1,"Permanent"
"7506",1,"Permanent"
"7507",1,"Permanent"
"7508",1,"Permanent"
"7509",1,"Permanent"
"7510",1,"Permanent"
"7511",1,"Permanent"
"7512",1,"Permanent"
"7513",1,"Permanent"
"7514",2,"Permanent"
"7515",2,"Permanent"
"7516",2,"Permanent"
"7517",2,"Permanent"
"7518",2,"Permanent"
"7519",2,"Permanent"
"7520",2,"Permanent"
"7521",2,"Permanent"
"7522",3,"Permanent"
"7523",2,"Permanent"
"7524",2,"Permanent"
"7525",1,"Permanent"
"7526",2,"Permanent"
"7527",1,"Permanent"
"7528",2,"Permanent"
"7529",2,"Permanent"
"7530",2,"Permanent"
"7531",2,"Permanent"
"7532",2,"Permanent"
"7533",3,"Permanent"
"7534",4,"Permanent"
"7535",2,"Permanent"
"7536",3,"Permanent"
"7537",3,"Permanent"
"7538",3,"Permanent"
"7539",5,"Permanent"
"7540",3,"Permanent"
"7541",1,"Permanent"
"7542",1,"Permanent"
"7543",1,"Permanent"
"7544",1,"Permanent"
"7545",1,"Permanent"
"7546",1,"Permanent"
"7547",1,"Permanent"
"7548",1,"Permanent"
"7549",1,"Permanent"
"7550",1,"Permanent"
"7551",1,"Permanent"
"7552",1,"Permanent"
"7553",1,"Permanent"
"7554",1,"Permanent"
"7555",1,"Permanent"
"7556",1,"Permanent"
"7557",2,"Permanent"
"7558",1,"Permanent"
"7559",2,"Permanent"
"7560",2,"Permanent"
"7561",2,"Permanent"
"7562",2,"Permanent"
"7563",1,"Permanent"
"7564",1,"Permanent"
"7565",1,"Permanent"
"7566",1,"Permanent"
"7567",1,"Permanent"
"7568",1,"Permanent"
"7569",1,"Permanent"
"7570",1,"Permanent"
"7571",1,"Permanent"
"7572",1,"Permanent"
"7573",1,"Permanent"
"7574",1,"Permanent"
"7575",1,"Permanent"
"7576",1,"Permanent"
"7577",1,"Permanent"
"7578",2,"Permanent"
"7579",1,"Permanent"
"7580",1,"Permanent"
"7581",1,"Permanent"
"7582",2,"Permanent"
"7583",2,"Permanent"
"7584",1,"Permanent"
"7585",2,"Permanent"
"7586",1,"Permanent"
"7587",2,"Permanent"
"7588",2,"Permanent"
"7589",2,"Permanent"
"7590",2,"Permanent"
"7591",2,"Permanent"
"7592",2,"Permanent"
"7593",2,"Permanent"
"7594",2,"Permanent"
"7595",2,"Permanent"
"7596",2,"Permanent"
"7597",2,"Permanent"
"7598",3,"Permanent"
"7599",2,"Permanent"
"7600",3,"Permanent"
"7601",2,"Permanent"
"7602",3,"Permanent"
"7603",3,"Permanent"
"7604",1,"Permanent"
"7605",1,"Permanent"
"7606",1,"Permanent"
"7607",1,"Permanent"
"7608",1,"Permanent"
"7609",1,"Permanent"
"7610",1,"Permanent"
"7611",1,"Permanent"
"7612",1,"Permanent"
"7613",1,"Permanent"
"7614",1,"Permanent"
"7615",1,"Permanent"
"7616",1,"Permanent"
"7617",1,"Permanent"
"7618",1,"Permanent"
"7619",1,"Permanent"
"7620",1,"Permanent"
"7621",1,"Permanent"
"7622",1,"Permanent"
"7623",1,"Permanent"
"7624",2,"Permanent"
"7625",2,"Permanent"
"7626",2,"Permanent"
"7627",2,"Permanent"
"7628",2,"Permanent"
"7629",2,"Permanent"
"7630",2,"Permanent"
"7631",2,"Permanent"
"7632",2,"Permanent"
"7633",2,"Permanent"
"7634",2,"Permanent"
"7635",2,"Permanent"
"7636",2,"Permanent"
"7637",2,"Permanent"
"7638",3,"Permanent"
"7639",1,"Permanent"
"7640",1,"Permanent"
"7641",1,"Permanent"
"7642",1,"Permanent"
"7643",1,"Permanent"
"7644",1,"Permanent"
"7645",1,"Permanent"
"7646",1,"Permanent"
"7647",1,"Permanent"
"7648",1,"Permanent"
"7649",1,"Permanent"
"7650",1,"Permanent"
"7651",1,"Permanent"
"7652",1,"Permanent"
"7653",1,"Permanent"
"7654",1,"Permanent"
"7655",2,"Permanent"
"7656",1,"Permanent"
"7657",2,"Permanent"
"7658",2,"Permanent"
"7659",2,"Permanent"
"7660",1,"Permanent"
"7661",1,"Permanent"
"7662",1,"Permanent"
"7663",1,"Permanent"
"7664",1,"Permanent"
"7665",1,"Permanent"
"7666",1,"Permanent"
"7667",1,"Permanent"
"7668",1,"Permanent"
"7669",1,"Permanent"
"7670",1,"Permanent"
"7671",1,"Permanent"
"7672",1,"Permanent"
"7673",1,"Permanent"
"7674",1,"Permanent"
"7675",1,"Permanent"
"7676",1,"Permanent"
"7677",1,"Permanent"
"7678",3,"Permanent"
"7679",2,"Permanent"
"7680",2,"Permanent"
"7681",1,"Permanent"
"7682",1,"Permanent"
"7683",1,"Permanent"
"7684",1,"Permanent"
"7685",1,"Permanent"
"7686",1,"Permanent"
"7687",1,"Permanent"
"7688",1,"Permanent"
"7689",2,"Permanent"
"7690",2,"Permanent"
"7691",1,"Permanent"
"7692",2,"Permanent"
"7693",2,"Permanent"
"7694",2,"Permanent"
"7695",2,"Permanent"
"7696",2,"Permanent"
"7697",1,"Permanent"
"7698",1,"Permanent"
"7699",1,"Permanent"
"7700",1,"Permanent"
"7701",1,"Permanent"
"7702",2,"Permanent"
"7703",2,"Permanent"
"7704",2,"Permanent"
"7705",3,"Permanent"
"7706",2,"Permanent"
"7707",3,"Permanent"
"7708",3,"Permanent"
"7709",4,"Permanent"
"7710",3,"Permanent"
"7711",4,"Permanent"
"7712",3,"Permanent"
"7713",3,"Permanent"
"7714",3,"Permanent"
"7715",3,"Permanent"
"7716",3,"Permanent"
"7717",3,"Permanent"
"7718",3,"Permanent"
"7719",3,"Permanent"
"7720",4,"Permanent"
"7721",5,"Permanent"
"7722",4,"Permanent"
"7723",4,"Permanent"
"7724",4,"Permanent"
"7725",4,"Permanent"
"7726",4,"Permanent"
"7727",4,"Permanent"
"7728",4,"Permanent"
"7729",4,"Permanent"
"7730",5,"Permanent"
"7731",4,"Permanent"
"7732",5,"Permanent"
"7733",5,"Permanent"
"7734",6,"Permanent"
"7735",5,"Permanent"
"7736",5,"Permanent"
"7737",5,"Permanent"
"7738",5,"Permanent"
"7739",5,"Permanent"
"7740",5,"Permanent"
"7741",5,"Permanent"
"7742",5,"Permanent"
"7743",6,"Permanent"
"7744",1,"Permanent"
"7745",2,"Permanent"
"7746",2,"Permanent"
"7747",2,"Permanent"
"7748",2,"Permanent"
"7749",2,"Permanent"
"7750",2,"Permanent"
"7751",2,"Permanent"
"7752",2,"Permanent"
"7753",2,"Permanent"
"7754",2,"Permanent"
"7755",2,"Permanent"
"7756",2,"Permanent"
"7757",2,"Permanent"
"7758",2,"Permanent"
"7759",2,"Permanent"
"7760",3,"Permanent"
"7761",3,"Permanent"
"7762",1,"Street"
"7763",1,"Street"
"7764",1,"Street"
"7765",2,"Street"
"7766",1,"Street"
"7767",1,"Street"
"7768",1,"Street"
"7769",1,"Street"
"7770",1,"Street"
"7771",1,"Street"
"7772",1,"Street"
"7773",1,"Street"
"7774",1,"Street"
"7775",1,"Street"
"7776",1,"Street"
"7777",2,"Street"
"7778",1,"Street"
"7779",1,"Street"
"7780",1,"Street"
"7781",1,"Street"
"7782",2,"Street"
"7783",2,"Street"
"7784",2,"Street"
"7785",3,"Street"
"7786",1,"Permanent"
"7787",1,"Permanent"
"7788",1,"Permanent"
"7789",1,"Permanent"
"7790",1,"Permanent"
"7791",1,"Permanent"
"7792",1,"Permanent"
"7793",1,"Permanent"
"7794",1,"Permanent"
"7795",1,"Permanent"
"7796",1,"Permanent"
"7797",1,"Permanent"
"7798",1,"Permanent"
"7799",1,"Permanent"
"7800",1,"Permanent"
"7801",1,"Permanent"
"7802",1,"Permanent"
"7803",1,"Permanent"
"7804",1,"Permanent"
"7805",2,"Permanent"
"7806",2,"Permanent"
"7807",2,"Permanent"
"7808",2,"Permanent"
"7809",2,"Permanent"
"7810",2,"Permanent"
"7811",2,"Permanent"
"7812",2,"Permanent"
"7813",2,"Permanent"
"7814",2,"Permanent"
"7815",2,"Permanent"
"7816",2,"Permanent"
"7817",2,"Permanent"
"7818",2,"Permanent"
"7819",1,"Permanent"
"7820",1,"Permanent"
"7821",1,"Permanent"
"7822",1,"Permanent"
"7823",1,"Permanent"
"7824",1,"Permanent"
"7825",1,"Permanent"
"7826",1,"Permanent"
"7827",1,"Permanent"
"7828",1,"Permanent"
"7829",1,"Permanent"
"7830",1,"Permanent"
"7831",1,"Permanent"
"7832",1,"Permanent"
"7833",1,"Permanent"
"7834",1,"Permanent"
"7835",2,"Permanent"
"7836",1,"Permanent"
"7837",1,"Permanent"
"7838",1,"Permanent"
"7839",2,"Permanent"
"7840",2,"Permanent"
"7841",2,"Permanent"
"7842",1,"Permanent"
"7843",2,"Permanent"
"7844",1,"Permanent"
"7845",1,"Permanent"
"7846",1,"Permanent"
"7847",1,"Permanent"
"7848",1,"Permanent"
"7849",1,"Permanent"
"7850",1,"Permanent"
"7851",1,"Permanent"
"7852",1,"Permanent"
"7853",1,"Permanent"
"7854",1,"Permanent"
"7855",1,"Permanent"
"7856",1,"Permanent"
"7857",1,"Permanent"
"7858",1,"Permanent"
"7859",1,"Permanent"
"7860",2,"Permanent"
"7861",1,"Permanent"
"7862",1,"Permanent"
"7863",1,"Permanent"
"7864",2,"Permanent"
"7865",2,"Permanent"
"7866",2,"Permanent"
"7867",2,"Permanent"
"7868",2,"Permanent"
"7869",2,"Permanent"
"7870",2,"Permanent"
"7871",3,"Permanent"
"7872",2,"Permanent"
"7873",2,"Permanent"
"7874",1,"Permanent"
"7875",1,"Permanent"
"7876",1,"Permanent"
"7877",1,"Permanent"
"7878",1,"Permanent"
"7879",1,"Permanent"
"7880",1,"Permanent"
"7881",1,"Permanent"
"7882",1,"Permanent"
"7883",1,"Permanent"
"7884",1,"Permanent"
"7885",1,"Permanent"
"7886",1,"Permanent"
"7887",1,"Permanent"
"7888",1,"Permanent"
"7889",1,"Permanent"
"7890",1,"Permanent"
"7891",2,"Permanent"
"7892",1,"Permanent"
"7893",1,"Permanent"
"7894",2,"Permanent"
"7895",2,"Permanent"
"7896",2,"Permanent"
"7897",2,"Permanent"
"7898",1,"Permanent"
"7899",2,"Permanent"
"7900",2,"Permanent"
"7901",2,"Permanent"
"7902",2,"Permanent"
"7903",2,"Permanent"
"7904",2,"Permanent"
"7905",2,"Permanent"
"7906",2,"Permanent"
"7907",2,"Permanent"
"7908",3,"Permanent"
"7909",2,"Permanent"
"7910",2,"Permanent"
"7911",3,"Permanent"
"7912",1,"Permanent"
"7913",1,"Permanent"
"7914",1,"Permanent"
"7915",1,"Permanent"
"7916",1,"Permanent"
"7917",1,"Permanent"
"7918",1,"Permanent"
"7919",1,"Permanent"
"7920",1,"Permanent"
"7921",1,"Permanent"
"7922",1,"Permanent"
"7923",1,"Permanent"
"7924",1,"Permanent"
"7925",1,"Permanent"
"7926",1,"Permanent"
"7927",1,"Permanent"
"7928",1,"Permanent"
"7929",1,"Permanent"
"7930",1,"Permanent"
"7931",2,"Permanent"
"7932",2,"Permanent"
"7933",2,"Permanent"
"7934",2,"Permanent"
"7935",2,"Permanent"
"7936",2,"Permanent"
"7937",2,"Permanent"
"7938",2,"Permanent"
"7939",2,"Permanent"
"7940",2,"Permanent"
"7941",2,"Permanent"
"7942",2,"Permanent"
"7943",2,"Permanent"
"7944",2,"Permanent"
"7945",2,"Permanent"
"7946",2,"Permanent"
"7947",2,"Permanent"
"7948",2,"Permanent"
"7949",3,"Permanent"
"7950",3,"Permanent"
"7951",3,"Permanent"
"7952",3,"Permanent"
"7953",3,"Permanent"
"7954",3,"Permanent"
"7955",3,"Permanent"
"7956",3,"Permanent"
"7957",3,"Permanent"
"7958",3,"Permanent"
"7959",3,"Permanent"
"7960",4,"Permanent"
"7961",3,"Permanent"
"7962",3,"Permanent"
"7963",3,"Permanent"
"7964",3,"Permanent"
"7965",3,"Permanent"
"7966",4,"Permanent"
"7967",3,"Permanent"
"7968",4,"Permanent"
"7969",1,"Permanent"
"7970",1,"Permanent"
"7971",1,"Permanent"
"7972",1,"Permanent"
"7973",1,"Permanent"
"7974",1,"Permanent"
"7975",1,"Permanent"
"7976",1,"Permanent"
"7977",1,"Permanent"
"7978",1,"Permanent"
"7979",1,"Permanent"
"7980",1,"Permanent"
"7981",1,"Permanent"
"7982",1,"Permanent"
"7983",1,"Permanent"
"7984",1,"Permanent"
"7985",2,"Permanent"
"7986",1,"Permanent"
"7987",1,"Permanent"
"7988",2,"Permanent"
"7989",2,"Permanent"
"7990",2,"Permanent"
"7991",2,"Permanent"
"7992",2,"Permanent"
"7993",2,"Permanent"
"7994",2,"Permanent"
"7995",2,"Permanent"
"7996",2,"Permanent"
"7997",2,"Permanent"
"7998",2,"Permanent"
"7999",3,"Permanent"
"8000",2,"Permanent"
"8001",2,"Permanent"
"8002",2,"Permanent"
"8003",3,"Permanent"
"8004",3,"Permanent"
"8005",3,"Permanent"
"8006",3,"Permanent"
"8007",4,"Permanent"
"8008",1,"Permanent"
"8009",1,"Permanent"
"8010",1,"Permanent"
"8011",1,"Permanent"
"8012",1,"Permanent"
"8013",1,"Permanent"
"8014",1,"Permanent"
"8015",1,"Permanent"
"8016",1,"Permanent"
"8017",1,"Permanent"
"8018",1,"Permanent"
"8019",1,"Permanent"
"8020",1,"Permanent"
"8021",1,"Permanent"
"8022",1,"Permanent"
"8023",1,"Permanent"
"8024",1,"Permanent"
"8025",2,"Permanent"
"8026",1,"Permanent"
"8027",2,"Permanent"
"8028",1,"Permanent"
"8029",2,"Permanent"
"8030",3,"Permanent"
"8031",1,"Permanent"
"8032",1,"Permanent"
"8033",1,"Permanent"
"8034",1,"Permanent"
"8035",1,"Permanent"
"8036",1,"Permanent"
"8037",1,"Permanent"
"8038",1,"Permanent"
"8039",1,"Permanent"
"8040",1,"Permanent"
"8041",1,"Permanent"
"8042",1,"Permanent"
"8043",1,"Permanent"
"8044",1,"Permanent"
"8045",1,"Permanent"
"8046",1,"Permanent"
"8047",1,"Permanent"
"8048",1,"Permanent"
"8049",2,"Permanent"
"8050",2,"Permanent"
"8051",1,"Permanent"
"8052",2,"Permanent"
"8053",2,"Permanent"
"8054",2,"Permanent"
"8055",2,"Permanent"
"8056",2,"Permanent"
"8057",2,"Permanent"
"8058",2,"Permanent"
"8059",2,"Permanent"
"8060",2,"Permanent"
"8061",2,"Permanent"
"8062",2,"Permanent"
"8063",2,"Permanent"
"8064",2,"Permanent"
"8065",2,"Permanent"
"8066",2,"Permanent"
"8067",3,"Permanent"
"8068",2,"Permanent"
"8069",3,"Permanent"
"8070",3,"Permanent"
"8071",1,"Permanent"
"8072",1,"Permanent"
"8073",1,"Permanent"
"8074",1,"Permanent"
"8075",1,"Permanent"
"8076",2,"Permanent"
"8077",2,"Permanent"
"8078",3,"Permanent"
"8079",2,"Permanent"
"8080",1,"Permanent"
"8081",1,"Permanent"
"8082",1,"Permanent"
"8083",1,"Permanent"
"8084",2,"Permanent"
"8085",1,"Permanent"
"8086",1,"Permanent"
"8087",1,"Permanent"
"8088",1,"Permanent"
"8089",1,"Permanent"
"8090",2,"Permanent"
"8091",1,"Permanent"
"8092",1,"Permanent"
"8093",1,"Permanent"
"8094",1,"Permanent"
"8095",1,"Permanent"
"8096",2,"Permanent"
"8097",3,"Permanent"
"8098",2,"Permanent"
"8099",2,"Permanent"
"8100",2,"Permanent"
"8101",3,"Permanent"
"8102",3,"Permanent"
"8103",2,"Permanent"
"8104",2,"Permanent"
"8105",2,"Permanent"
"8106",2,"Permanent"
"8107",4,"Permanent"
"8108",3,"Permanent"
"8109",2,"Permanent"
"8110",2,"Permanent"
"8111",2,"Permanent"
"8112",3,"Permanent"
"8113",4,"Permanent"
"8114",2,"Permanent"
"8115",3,"Permanent"
"8116",3,"Permanent"
"8117",4,"Permanent"
"8118",3,"Permanent"
"8119",3,"Permanent"
"8120",3,"Permanent"
"8121",5,"Permanent"
"8122",4,"Permanent"
"8123",5,"Permanent"
"8124",4,"Permanent"
"8125",4,"Permanent"
"8126",4,"Permanent"
"8127",1,"Permanent"
"8128",1,"Permanent"
"8129",1,"Permanent"
"8130",1,"Permanent"
"8131",1,"Permanent"
"8132",1,"Permanent"
"8133",1,"Permanent"
"8134",1,"Permanent"
"8135",1,"Permanent"
"8136",1,"Permanent"
"8137",1,"Permanent"
"8138",1,"Permanent"
"8139",1,"Permanent"
"8140",1,"Permanent"
"8141",1,"Permanent"
"8142",1,"Permanent"
"8143",1,"Permanent"
"8144",1,"Permanent"
"8145",1,"Permanent"
"8146",2,"Permanent"
"8147",2,"Permanent"
"8148",2,"Permanent"
"8149",2,"Permanent"
"8150",2,"Permanent"
"8151",2,"Permanent"
"8152",2,"Permanent"
"8153",2,"Permanent"
"8154",2,"Permanent"
"8155",2,"Permanent"
"8156",2,"Permanent"
"8157",2,"Permanent"
"8158",2,"Permanent"
"8159",2,"Permanent"
"8160",2,"Permanent"
"8161",2,"Permanent"
"8162",2,"Permanent"
"8163",2,"Permanent"
"8164",2,"Permanent"
"8165",3,"Permanent"
"8166",3,"Permanent"
"8167",3,"Permanent"
"8168",3,"Permanent"
"8169",3,"Permanent"
"8170",3,"Permanent"
"8171",3,"Permanent"
"8172",3,"Permanent"
"8173",3,"Permanent"
"8174",3,"Permanent"
"8175",3,"Permanent"
"8176",3,"Permanent"
"8177",3,"Permanent"
"8178",3,"Permanent"
"8179",3,"Permanent"
"8180",3,"Permanent"
"8181",3,"Permanent"
"8182",3,"Permanent"
"8183",4,"Permanent"
"8184",3,"Permanent"
"8185",4,"Permanent"
"8186",4,"Permanent"
"8187",1,"Permanent"
"8188",1,"Permanent"
"8189",1,"Permanent"
"8190",1,"Permanent"
"8191",1,"Permanent"
"8192",1,"Permanent"
"8193",1,"Permanent"
"8194",1,"Permanent"
"8195",1,"Permanent"
"8196",1,"Permanent"
"8197",1,"Permanent"
"8198",1,"Permanent"
"8199",1,"Permanent"
"8200",1,"Permanent"
"8201",1,"Permanent"
"8202",1,"Permanent"
"8203",2,"Permanent"
"8204",1,"Permanent"
"8205",1,"Permanent"
"8206",2,"Permanent"
"8207",1,"Permanent"
"8208",2,"Permanent"
"8209",2,"Permanent"
"8210",2,"Permanent"
"8211",2,"Permanent"
"8212",2,"Permanent"
"8213",2,"Permanent"
"8214",2,"Permanent"
"8215",2,"Permanent"
"8216",3,"Permanent"
"8217",2,"Permanent"
"8218",2,"Permanent"
"8219",2,"Permanent"
"8220",2,"Permanent"
"8221",2,"Permanent"
"8222",2,"Permanent"
"8223",2,"Permanent"
"8224",1,"Street"
"8225",1,"Street"
"8226",1,"Street"
"8227",1,"Street"
"8228",1,"Street"
"8229",1,"Street"
"8230",1,"Street"
"8231",1,"Street"
"8232",1,"Street"
"8233",1,"Street"
"8234",1,"Street"
"8235",1,"Street"
"8236",1,"Street"
"8237",1,"Street"
"8238",1,"Street"
"8239",1,"Street"
"8240",1,"Street"
"8241",1,"Street"
"8242",2,"Street"
"8243",1,"Street"
"8244",1,"Street"
"8245",1,"Street"
"8246",1,"Street"
"8247",1,"Street"
"8248",1,"Street"
"8249",1,"Street"
"8250",1,"Street"
"8251",1,"Street"
"8252",1,"Street"
"8253",1,"Street"
"8254",1,"Street"
"8255",1,"Street"
"8256",1,"Street"
"8257",1,"Street"
"8258",1,"Street"
"8259",1,"Street"
"8260",1,"Street"
"8261",2,"Street"
"8262",2,"Street"
"8263",2,"Street"
"8264",2,"Street"
"8265",2,"Street"
"8266",3,"Street"
"8267",3,"Street"
"8268",2,"Street"
"8269",2,"Street"
"8270",2,"Street"
"8271",2,"Street"
"8272",2,"Street"
"8273",2,"Street"
"8274",2,"Street"
"8275",2,"Street"
"8276",2,"Street"
"8277",3,"Street"
"8278",2,"Street"
"8279",3,"Street"
"8280",2,"Street"
"8281",3,"Street"
"8282",4,"Street"
"8283",4,"Street"
"8284",3,"Street"
"8285",3,"Street"
"8286",3,"Street"
"8287",3,"Street"
"8288",3,"Street"
"8289",3,"Street"
"8290",3,"Street"
"8291",3,"Street"
"8292",3,"Street"
"8293",4,"Street"
"8294",3,"Street"
"8295",4,"Street"
"8296",2,"Street"
"8297",3,"Street"
"8298",4,"Street"
"8299",5,"Street"
"8300",5,"Street"
"8301",6,"Street"
"8302",1,"Permanent"
"8303",1,"Permanent"
"8304",1,"Permanent"
"8305",1,"Permanent"
"8306",1,"Permanent"
"8307",1,"Permanent"
"8308",1,"Permanent"
"8309",1,"Permanent"
"8310",1,"Permanent"
"8311",1,"Permanent"
"8312",1,"Permanent"
"8313",1,"Permanent"
"8314",1,"Permanent"
"8315",1,"Permanent"
"8316",1,"Permanent"
"8317",1,"Permanent"
"8318",1,"Permanent"
"8319",2,"Permanent"
"8320",1,"Permanent"
"8321",1,"Permanent"
"8322",1,"Permanent"
"8323",2,"Permanent"
"8324",1,"Permanent"
"8325",1,"Permanent"
"8326",1,"Permanent"
"8327",1,"Permanent"
"8328",1,"Permanent"
"8329",1,"Permanent"
"8330",2,"Permanent"
"8331",1,"Permanent"
"8332",2,"Permanent"
"8333",1,"Permanent"
"8334",1,"Permanent"
"8335",1,"Permanent"
"8336",1,"Permanent"
"8337",1,"Permanent"
"8338",1,"Permanent"
"8339",1,"Permanent"
"8340",1,"Permanent"
"8341",1,"Permanent"
"8342",1,"Permanent"
"8343",2,"Permanent"
"8344",1,"Permanent"
"8345",1,"Permanent"
"8346",2,"Permanent"
"8347",2,"Permanent"
"8348",1,"Permanent"
"8349",1,"Permanent"
"8350",1,"Permanent"
"8351",1,"Permanent"
"8352",1,"Permanent"
"8353",1,"Permanent"
"8354",1,"Permanent"
"8355",2,"Permanent"
"8356",1,"Permanent"
"8357",1,"Permanent"
"8358",1,"Permanent"
"8359",1,"Permanent"
"8360",1,"Permanent"
"8361",1,"Permanent"
"8362",1,"Permanent"
"8363",1,"Permanent"
"8364",1,"Permanent"
"8365",1,"Permanent"
"8366",1,"Permanent"
"8367",2,"Permanent"
"8368",2,"Permanent"
"8369",2,"Permanent"
"8370",1,"Permanent"
"8371",2,"Permanent"
"8372",2,"Permanent"
"8373",2,"Permanent"
"8374",2,"Permanent"
"8375",1,"Permanent"
"8376",1,"Permanent"
"8377",1,"Permanent"
"8378",1,"Permanent"
"8379",1,"Permanent"
"8380",1,"Permanent"
"8381",1,"Permanent"
"8382",1,"Permanent"
"8383",1,"Permanent"
"8384",1,"Permanent"
"8385",1,"Permanent"
"8386",1,"Permanent"
"8387",1,"Permanent"
"8388",1,"Permanent"
"8389",1,"Permanent"
"8390",1,"Permanent"
"8391",1,"Permanent"
"8392",1,"Permanent"
"8393",1,"Permanent"
"8394",2,"Permanent"
"8395",2,"Permanent"
"8396",2,"Permanent"
"8397",2,"Permanent"
"8398",2,"Permanent"
"8399",2,"Permanent"
"8400",2,"Permanent"
"8401",2,"Permanent"
"8402",2,"Permanent"
"8403",2,"Permanent"
"8404",2,"Permanent"
"8405",2,"Permanent"
"8406",2,"Permanent"
"8407",2,"Permanent"
"8408",2,"Permanent"
"8409",2,"Permanent"
"8410",2,"Permanent"
"8411",2,"Permanent"
"8412",2,"Permanent"
"8413",3,"Permanent"
"8414",3,"Permanent"
"8415",4,"Permanent"
"8416",1,"Permanent"
"8417",1,"Permanent"
"8418",1,"Permanent"
"8419",1,"Permanent"
"8420",1,"Permanent"
"8421",1,"Permanent"
"8422",1,"Permanent"
"8423",1,"Permanent"
"8424",1,"Permanent"
"8425",1,"Permanent"
"8426",1,"Permanent"
"8427",1,"Permanent"
"8428",1,"Permanent"
"8429",1,"Permanent"
"8430",1,"Permanent"
"8431",1,"Permanent"
"8432",2,"Permanent"
"8433",2,"Permanent"
"8434",2,"Permanent"
"8435",2,"Permanent"
"8436",2,"Permanent"
"8437",2,"Permanent"
"8438",2,"Permanent"
"8439",2,"Permanent"
"8440",2,"Permanent"
"8441",2,"Permanent"
"8442",2,"Permanent"
"8443",2,"Permanent"
"8444",2,"Permanent"
"8445",2,"Permanent"
"8446",3,"Permanent"
"8447",3,"Permanent"
"8448",2,"Permanent"
"8449",4,"Permanent"
"8450",3,"Permanent"
"8451",3,"Permanent"
"8452",3,"Permanent"
"8453",4,"Permanent"
"8454",3,"Permanent"
"8455",3,"Permanent"
"8456",3,"Permanent"
"8457",3,"Permanent"
"8458",3,"Permanent"
"8459",5,"Permanent"
"8460",3,"Permanent"
"8461",3,"Permanent"
"8462",3,"Permanent"
"8463",3,"Permanent"
"8464",5,"Permanent"
"8465",4,"Permanent"
"8466",4,"Permanent"
"8467",4,"Permanent"
"8468",1,"Permanent"
"8469",1,"Permanent"
"8470",1,"Permanent"
"8471",1,"Permanent"
"8472",1,"Permanent"
"8473",1,"Permanent"
"8474",1,"Permanent"
"8475",1,"Permanent"
"8476",1,"Permanent"
"8477",1,"Permanent"
"8478",1,"Permanent"
"8479",1,"Permanent"
"8480",1,"Permanent"
"8481",1,"Permanent"
"8482",1,"Permanent"
"8483",2,"Permanent"
"8484",1,"Permanent"
"8485",2,"Permanent"
"8486",1,"Permanent"
"8487",1,"Permanent"
"8488",2,"Permanent"
"8489",2,"Permanent"
"8490",1,"Permanent"
"8491",1,"Permanent"
"8492",2,"Permanent"
"8493",2,"Permanent"
"8494",2,"Permanent"
"8495",3,"Permanent"
"8496",2,"Permanent"
"8497",1,"Permanent"
"8498",1,"Permanent"
"8499",1,"Permanent"
"8500",1,"Permanent"
"8501",1,"Permanent"
"8502",1,"Permanent"
"8503",1,"Permanent"
"8504",1,"Permanent"
"8505",1,"Permanent"
"8506",1,"Permanent"
"8507",1,"Permanent"
"8508",2,"Permanent"
"8509",1,"Permanent"
"8510",1,"Permanent"
"8511",1,"Permanent"
"8512",1,"Permanent"
"8513",1,"Permanent"
"8514",1,"Permanent"
"8515",1,"Permanent"
"8516",2,"Permanent"
"8517",2,"Permanent"
"8518",3,"Permanent"
"8519",1,"Street"
"8520",1,"Street"
"8521",1,"Street"
"8522",1,"Street"
"8523",1,"Street"
"8524",1,"Street"
"8525",1,"Street"
"8526",1,"Street"
"8527",1,"Street"
"8528",1,"Street"
"8529",1,"Street"
"8530",1,"Street"
"8531",1,"Street"
"8532",1,"Street"
"8533",1,"Street"
"8534",1,"Street"
"8535",1,"Street"
"8536",1,"Street"
"8537",1,"Street"
"8538",1,"Street"
"8539",2,"Street"
"8540",2,"Street"
"8541",2,"Street"
"8542",2,"Street"
"8543",2,"Street"
"8544",2,"Street"
"8545",2,"Street"
"8546",2,"Street"
"8547",2,"Street"
"8548",2,"Street"
"8549",3,"Street"
"8550",2,"Street"
"8551",2,"Street"
"8552",2,"Street"
"8553",2,"Street"
"8554",2,"Street"
"8555",2,"Street"
"8556",2,"Street"
"8557",2,"Street"
"8558",1,"Permanent"
"8559",1,"Permanent"
"8560",1,"Permanent"
"8561",1,"Permanent"
"8562",1,"Permanent"
"8563",1,"Permanent"
"8564",1,"Permanent"
"8565",1,"Permanent"
"8566",1,"Permanent"
"8567",1,"Permanent"
"8568",1,"Permanent"
"8569",1,"Permanent"
"8570",1,"Permanent"
"8571",2,"Permanent"
"8572",1,"Permanent"
"8573",1,"Permanent"
"8574",1,"Permanent"
"8575",1,"Permanent"
"8576",1,"Permanent"
"8577",1,"Permanent"
"8578",1,"Permanent"
"8579",1,"Permanent"
"8580",1,"Permanent"
"8581",1,"Permanent"
"8582",1,"Permanent"
"8583",1,"Permanent"
"8584",1,"Permanent"
"8585",1,"Permanent"
"8586",1,"Permanent"
"8587",1,"Permanent"
"8588",1,"Permanent"
"8589",1,"Permanent"
"8590",1,"Permanent"
"8591",1,"Permanent"
"8592",1,"Permanent"
"8593",1,"Permanent"
"8594",1,"Permanent"
"8595",1,"Permanent"
"8596",1,"Permanent"
"8597",1,"Permanent"
"8598",2,"Permanent"
"8599",2,"Permanent"
"8600",2,"Permanent"
"8601",2,"Permanent"
"8602",2,"Permanent"
"8603",2,"Permanent"
"8604",2,"Permanent"
"8605",2,"Permanent"
"8606",2,"Permanent"
"8607",2,"Permanent"
"8608",2,"Permanent"
"8609",2,"Permanent"
"8610",2,"Permanent"
"8611",2,"Permanent"
"8612",2,"Permanent"
"8613",2,"Permanent"
"8614",2,"Permanent"
"8615",2,"Permanent"
"8616",2,"Permanent"
"8617",3,"Permanent"
"8618",3,"Permanent"
"8619",1,"Street"
"8620",1,"Street"
"8621",1,"Street"
"8622",1,"Street"
"8623",1,"Street"
"8624",1,"Street"
"8625",1,"Street"
"8626",1,"Street"
"8627",1,"Street"
"8628",1,"Street"
"8629",1,"Street"
"8630",1,"Street"
"8631",1,"Street"
"8632",1,"Street"
"8633",2,"Street"
"8634",2,"Street"
"8635",1,"Street"
"8636",1,"Street"
"8637",2,"Street"
"8638",1,"Street"
"8639",1,"Street"
"8640",2,"Street"
"8641",2,"Street"
"8642",3,"Street"
"8643",4,"Street"
"8644",1,"Permanent"
"8645",1,"Permanent"
"8646",1,"Permanent"
"8647",2,"Permanent"
"8648",2,"Permanent"
"8649",1,"Permanent"
"8650",1,"Permanent"
"8651",1,"Permanent"
"8652",1,"Permanent"
"8653",1,"Permanent"
"8654",1,"Permanent"
"8655",1,"Permanent"
"8656",1,"Permanent"
"8657",1,"Permanent"
"8658",1,"Permanent"
"8659",1,"Permanent"
"8660",1,"Permanent"
"8661",1,"Permanent"
"8662",1,"Permanent"
"8663",1,"Permanent"
"8664",1,"Permanent"
"8665",1,"Permanent"
"8666",2,"Permanent"
"8667",3,"Permanent"
"8668",3,"Permanent"
"8669",2,"Permanent"
"8670",2,"Permanent"
"8671",2,"Permanent"
"8672",2,"Permanent"
"8673",2,"Permanent"
"8674",2,"Permanent"
"8675",2,"Permanent"
"8676",2,"Permanent"
"8677",2,"Permanent"
"8678",2,"Permanent"
"8679",2,"Permanent"
"8680",2,"Permanent"
"8681",2,"Permanent"
"8682",2,"Permanent"
"8683",2,"Permanent"
"8684",2,"Permanent"
"8685",2,"Permanent"
"8686",3,"Permanent"
"8687",4,"Permanent"
"8688",4,"Permanent"
"8689",3,"Permanent"
"8690",3,"Permanent"
"8691",3,"Permanent"
"8692",3,"Permanent"
"8693",3,"Permanent"
"8694",3,"Permanent"
"8695",3,"Permanent"
"8696",3,"Permanent"
"8697",3,"Permanent"
"8698",3,"Permanent"
"8699",3,"Permanent"
"8700",3,"Permanent"
"8701",3,"Permanent"
"8702",4,"Permanent"
"8703",3,"Permanent"
"8704",3,"Permanent"
"8705",3,"Permanent"
"8706",3,"Permanent"
"8707",5,"Permanent"
"8708",5,"Permanent"
"8709",4,"Permanent"
"8710",4,"Permanent"
"8711",4,"Permanent"
"8712",4,"Permanent"
"8713",4,"Permanent"
"8714",4,"Permanent"
"8715",4,"Permanent"
"8716",4,"Permanent"
"8717",4,"Permanent"
"8718",4,"Permanent"
"8719",4,"Permanent"
"8720",4,"Permanent"
"8721",5,"Permanent"
"8722",5,"Permanent"
"8723",1,"Permanent"
"8724",1,"Permanent"
"8725",1,"Permanent"
"8726",1,"Permanent"
"8727",1,"Permanent"
"8728",1,"Permanent"
"8729",1,"Permanent"
"8730",1,"Permanent"
"8731",1,"Permanent"
"8732",1,"Permanent"
"8733",1,"Permanent"
"8734",1,"Permanent"
"8735",1,"Permanent"
"8736",1,"Permanent"
"8737",1,"Permanent"
"8738",1,"Permanent"
"8739",1,"Permanent"
"8740",1,"Permanent"
"8741",2,"Permanent"
"8742",1,"Permanent"
"8743",2,"Permanent"
"8744",1,"Permanent"
"8745",2,"Permanent"
"8746",2,"Permanent"
"8747",2,"Permanent"
"8748",2,"Permanent"
"8749",2,"Permanent"
"8750",2,"Permanent"
"8751",2,"Permanent"
"8752",3,"Permanent"
"8753",1,"Street"
"8754",1,"Street"
"8755",1,"Street"
"8756",1,"Street"
"8757",1,"Street"
"8758",1,"Street"
"8759",1,"Street"
"8760",1,"Street"
"8761",1,"Street"
"8762",1,"Street"
"8763",2,"Street"
"8764",2,"Street"
"8765",1,"Street"
"8766",1,"Street"
"8767",2,"Street"
"8768",1,"Street"
"8769",2,"Street"
"8770",1,"Street"
"8771",1,"Street"
"8772",1,"Street"
"8773",1,"Street"
"8774",1,"Street"
"8775",2,"Street"
"8776",2,"Street"
"8777",1,"Street"
"8778",2,"Street"
"8779",2,"Street"
"8780",2,"Street"
"8781",2,"Street"
"8782",2,"Street"
"8783",3,"Street"
"8784",2,"Street"
"8785",3,"Street"
"8786",2,"Street"
"8787",3,"Street"
"8788",2,"Street"
"8789",2,"Street"
"8790",2,"Street"
"8791",2,"Street"
"8792",2,"Street"
"8793",3,"Street"
"8794",3,"Street"
"8795",3,"Street"
"8796",3,"Street"
"8797",3,"Street"
"8798",3,"Street"
"8799",4,"Street"
"8800",1,"Permanent"
"8801",1,"Permanent"
"8802",1,"Permanent"
"8803",1,"Permanent"
"8804",1,"Permanent"
"8805",1,"Permanent"
"8806",1,"Permanent"
"8807",1,"Permanent"
"8808",1,"Permanent"
"8809",1,"Permanent"
"8810",1,"Permanent"
"8811",1,"Permanent"
"8812",1,"Permanent"
"8813",1,"Permanent"
"8814",1,"Permanent"
"8815",1,"Permanent"
"8816",2,"Permanent"
"8817",2,"Permanent"
"8818",2,"Permanent"
"8819",1,"Permanent"
"8820",1,"Permanent"
"8821",2,"Permanent"
"8822",3,"Permanent"
"8823",2,"Permanent"
"8824",2,"Permanent"
"8825",3,"Permanent"
"8826",2,"Permanent"
"8827",2,"Permanent"
"8828",2,"Permanent"
"8829",3,"Permanent"
"8830",1,"Permanent"
"8831",1,"Permanent"
"8832",1,"Permanent"
"8833",1,"Permanent"
"8834",1,"Permanent"
"8835",1,"Permanent"
"8836",1,"Permanent"
"8837",1,"Permanent"
"8838",1,"Permanent"
"8839",1,"Permanent"
"8840",1,"Permanent"
"8841",1,"Permanent"
"8842",1,"Permanent"
"8843",1,"Permanent"
"8844",1,"Permanent"
"8845",1,"Permanent"
"8846",1,"Permanent"
"8847",1,"Permanent"
"8848",1,"Permanent"
"8849",1,"Permanent"
"8850",2,"Permanent"
"8851",2,"Permanent"
"8852",2,"Permanent"
"8853",2,"Permanent"
"8854",2,"Permanent"
"8855",2,"Permanent"
"8856",2,"Permanent"
"8857",2,"Permanent"
"8858",2,"Permanent"
"8859",2,"Permanent"
"8860",2,"Permanent"
"8861",2,"Permanent"
"8862",2,"Permanent"
"8863",2,"Permanent"
"8864",2,"Permanent"
"8865",2,"Permanent"
"8866",2,"Permanent"
"8867",2,"Permanent"
"8868",2,"Permanent"
"8869",2,"Permanent"
"8870",3,"Permanent"
"8871",3,"Permanent"
"8872",3,"Permanent"
"8873",3,"Permanent"
"8874",3,"Permanent"
"8875",3,"Permanent"
"8876",3,"Permanent"
"8877",3,"Permanent"
"8878",3,"Permanent"
"8879",3,"Permanent"
"8880",3,"Permanent"
"8881",3,"Permanent"
"8882",3,"Permanent"
"8883",3,"Permanent"
"8884",3,"Permanent"
"8885",3,"Permanent"
"8886",3,"Permanent"
"8887",3,"Permanent"
"8888",1,"Street"
"8889",1,"Street"
"8890",1,"Street"
"8891",1,"Street"
"8892",1,"Street"
"8893",1,"Street"
"8894",1,"Street"
"8895",1,"Street"
"8896",1,"Street"
"8897",1,"Street"
"8898",1,"Street"
"8899",1,"Street"
"8900",1,"Street"
"8901",1,"Street"
"8902",2,"Street"
"8903",2,"Street"
"8904",1,"Street"
"8905",1,"Street"
"8906",1,"Street"
"8907",1,"Street"
"8908",2,"Street"
"8909",1,"Street"
"8910",1,"Street"
"8911",1,"Street"
"8912",1,"Street"
"8913",1,"Street"
"8914",1,"Street"
"8915",1,"Street"
"8916",1,"Street"
"8917",1,"Street"
"8918",1,"Street"
"8919",1,"Street"
"8920",1,"Street"
"8921",1,"Street"
"8922",1,"Street"
"8923",3,"Street"
"8924",2,"Street"
"8925",1,"Street"
"8926",1,"Street"
"8927",2,"Street"
"8928",1,"Street"
"8929",1,"Permanent"
"8930",2,"Permanent"
"8931",1,"Permanent"
"8932",1,"Permanent"
"8933",1,"Permanent"
"8934",1,"Permanent"
"8935",1,"Permanent"
"8936",1,"Permanent"
"8937",1,"Permanent"
"8938",1,"Permanent"
"8939",1,"Permanent"
"8940",1,"Permanent"
"8941",1,"Permanent"
"8942",1,"Permanent"
"8943",1,"Permanent"
"8944",1,"Permanent"
"8945",1,"Permanent"
"8946",1,"Permanent"
"8947",1,"Permanent"
"8948",3,"Permanent"
"8949",2,"Permanent"
"8950",2,"Permanent"
"8951",2,"Permanent"
"8952",2,"Permanent"
"8953",3,"Permanent"
"8954",1,"Street"
"8955",1,"Street"
"8956",1,"Street"
"8957",1,"Street"
"8958",1,"Street"
"8959",1,"Street"
"8960",1,"Street"
"8961",1,"Street"
"8962",1,"Street"
"8963",1,"Street"
"8964",1,"Street"
"8965",1,"Street"
"8966",1,"Street"
"8967",1,"Street"
"8968",1,"Street"
"8969",1,"Street"
"8970",1,"Street"
"8971",2,"Street"
"8972",2,"Street"
"8973",1,"Street"
"8974",1,"Street"
"8975",2,"Street"
"8976",2,"Street"
"8977",2,"Street"
"8978",2,"Street"
"8979",1,"Permanent"
"8980",1,"Permanent"
"8981",1,"Permanent"
"8982",1,"Permanent"
"8983",1,"Permanent"
"8984",1,"Permanent"
"8985",1,"Permanent"
"8986",1,"Permanent"
"8987",1,"Permanent"
"8988",1,"Permanent"
"8989",1,"Permanent"
"8990",1,"Permanent"
"8991",1,"Permanent"
"8992",1,"Permanent"
"8993",1,"Permanent"
"8994",1,"Permanent"
"8995",1,"Permanent"
"8996",1,"Permanent"
"8997",1,"Permanent"
"8998",1,"Permanent"
"8999",2,"Permanent"
"9000",2,"Permanent"
"9001",2,"Permanent"
"9002",2,"Permanent"
"9003",2,"Permanent"
"9004",2,"Permanent"
"9005",2,"Permanent"
"9006",2,"Permanent"
"9007",2,"Permanent"
"9008",2,"Permanent"
"9009",2,"Permanent"
"9010",2,"Permanent"
"9011",2,"Permanent"
"9012",2,"Permanent"
"9013",2,"Permanent"
"9014",2,"Permanent"
"9015",2,"Permanent"
"9016",2,"Permanent"
"9017",3,"Permanent"
"9018",3,"Permanent"
"9019",3,"Permanent"
"9020",3,"Permanent"
"9021",3,"Permanent"
"9022",3,"Permanent"
"9023",3,"Permanent"
"9024",3,"Permanent"
"9025",3,"Permanent"
"9026",3,"Permanent"
"9027",3,"Permanent"
"9028",3,"Permanent"
"9029",3,"Permanent"
"9030",3,"Permanent"
"9031",4,"Permanent"
"9032",1,"Street"
"9033",1,"Street"
"9034",1,"Street"
"9035",2,"Street"
"9036",2,"Street"
"9037",1,"Street"
"9038",1,"Street"
"9039",1,"Street"
"9040",1,"Street"
"9041",1,"Street"
"9042",1,"Street"
"9043",2,"Street"
"9044",1,"Street"
"9045",1,"Street"
"9046",1,"Street"
"9047",1,"Street"
"9048",1,"Street"
"9049",3,"Street"
"9050",1,"Street"
"9051",1,"Street"
"9052",2,"Street"
"9053",1,"Street"
"9054",1,"Street"
"9055",1,"Street"
"9056",2,"Street"
"9057",2,"Street"
"9058",2,"Street"
"9059",2,"Street"
"9060",2,"Street"
"9061",2,"Street"
"9062",2,"Street"
"9063",2,"Street"
"9064",3,"Street"
"9065",3,"Street"
"9066",2,"Street"
"9067",3,"Street"
"9068",4,"Street"
"9069",3,"Street"
"9070",3,"Street"
"9071",2,"Street"
"9072",2,"Street"
"9073",3,"Street"
"9074",4,"Street"
"9075",2,"Street"
"9076",3,"Street"
"9077",3,"Street"
"9078",2,"Street"
"9079",2,"Street"
"9080",3,"Street"
"9081",3,"Street"
"9082",2,"Street"
"9083",4,"Street"
"9084",4,"Street"
"9085",1,"Street"
"9086",1,"Street"
"9087",1,"Street"
"9088",1,"Street"
"9089",1,"Street"
"9090",1,"Street"
"9091",1,"Street"
"9092",1,"Street"
"9093",1,"Street"
"9094",1,"Street"
"9095",1,"Street"
"9096",1,"Street"
"9097",2,"Street"
"9098",1,"Street"
"9099",1,"Street"
"9100",1,"Street"
"9101",2,"Street"
"9102",2,"Street"
"9103",1,"Street"
"9104",2,"Street"
"9105",2,"Street"
"9106",2,"Street"
"9107",2,"Street"
"9108",1,"Street"
"9109",1,"Street"
"9110",1,"Street"
"9111",2,"Street"
"9112",1,"Street"
"9113",1,"Street"
"9114",1,"Street"
"9115",1,"Street"
"9116",1,"Street"
"9117",1,"Street"
"9118",1,"Street"
"9119",1,"Street"
"9120",1,"Street"
"9121",1,"Street"
"9122",1,"Street"
"9123",1,"Street"
"9124",1,"Street"
"9125",2,"Street"
"9126",1,"Street"
"9127",1,"Street"
"9128",2,"Street"
"9129",2,"Street"
"9130",1,"Street"
"9131",2,"Street"
"9132",2,"Street"
"9133",2,"Street"
"9134",2,"Street"
"9135",1,"Street"
"9136",2,"Street"
"9137",2,"Street"
"9138",2,"Street"
"9139",2,"Street"
"9140",2,"Street"
"9141",1,"Street"
"9142",2,"Street"
"9143",2,"Street"
"9144",1,"Permanent"
"9145",1,"Permanent"
"9146",1,"Permanent"
"9147",1,"Permanent"
"9148",1,"Permanent"
"9149",1,"Permanent"
"9150",1,"Permanent"
"9151",1,"Permanent"
"9152",1,"Permanent"
"9153",1,"Permanent"
"9154",1,"Permanent"
"9155",1,"Permanent"
"9156",1,"Permanent"
"9157",1,"Permanent"
"9158",1,"Permanent"
"9159",1,"Permanent"
"9160",1,"Permanent"
"9161",2,"Permanent"
"9162",2,"Permanent"
"9163",2,"Permanent"
"9164",2,"Permanent"
"9165",2,"Permanent"
"9166",2,"Permanent"
"9167",2,"Permanent"
"9168",2,"Permanent"
"9169",2,"Permanent"
"9170",2,"Permanent"
"9171",2,"Permanent"
"9172",2,"Permanent"
"9173",3,"Permanent"
"9174",2,"Permanent"
"9175",3,"Permanent"
"9176",2,"Permanent"
"9177",2,"Permanent"
"9178",2,"Permanent"
"9179",3,"Permanent"
"9180",3,"Permanent"
"9181",4,"Permanent"
"9182",3,"Permanent"
"9183",3,"Permanent"
"9184",3,"Permanent"
"9185",3,"Permanent"
"9186",4,"Permanent"
"9187",3,"Permanent"
"9188",3,"Permanent"
"9189",3,"Permanent"
"9190",3,"Permanent"
"9191",1,"Permanent"
"9192",1,"Permanent"
"9193",1,"Permanent"
"9194",1,"Permanent"
"9195",1,"Permanent"
"9196",1,"Permanent"
"9197",1,"Permanent"
"9198",1,"Permanent"
"9199",1,"Permanent"
"9200",1,"Permanent"
"9201",1,"Permanent"
"9202",1,"Permanent"
"9203",1,"Permanent"
"9204",1,"Permanent"
"9205",1,"Permanent"
"9206",1,"Permanent"
"9207",1,"Permanent"
"9208",1,"Permanent"
"9209",1,"Permanent"
"9210",1,"Permanent"
"9211",2,"Permanent"
"9212",2,"Permanent"
"9213",2,"Permanent"
"9214",2,"Permanent"
"9215",2,"Permanent"
"9216",2,"Permanent"
"9217",2,"Permanent"
"9218",2,"Permanent"
"9219",2,"Permanent"
"9220",2,"Permanent"
"9221",2,"Permanent"
"9222",2,"Permanent"
"9223",2,"Permanent"
"9224",2,"Permanent"
"9225",2,"Permanent"
"9226",2,"Permanent"
"9227",2,"Permanent"
"9228",2,"Permanent"
"9229",2,"Permanent"
"9230",3,"Permanent"
"9231",3,"Permanent"
"9232",3,"Permanent"
"9233",1,"Permanent"
"9234",1,"Permanent"
"9235",1,"Permanent"
"9236",1,"Permanent"
"9237",1,"Permanent"
"9238",1,"Permanent"
"9239",1,"Permanent"
"9240",1,"Permanent"
"9241",1,"Permanent"
"9242",1,"Permanent"
"9243",1,"Permanent"
"9244",1,"Permanent"
"9245",1,"Permanent"
"9246",1,"Permanent"
"9247",1,"Permanent"
"9248",1,"Permanent"
"9249",1,"Permanent"
"9250",2,"Permanent"
"9251",2,"Permanent"
"9252",1,"Permanent"
"9253",1,"Permanent"
"9254",2,"Permanent"
"9255",2,"Permanent"
"9256",2,"Permanent"
"9257",2,"Permanent"
"9258",1,"Permanent"
"9259",1,"Permanent"
"9260",1,"Permanent"
"9261",1,"Permanent"
"9262",1,"Permanent"
"9263",1,"Permanent"
"9264",1,"Permanent"
"9265",1,"Permanent"
"9266",1,"Permanent"
"9267",1,"Permanent"
"9268",1,"Permanent"
"9269",1,"Permanent"
"9270",1,"Permanent"
"9271",1,"Permanent"
"9272",1,"Permanent"
"9273",1,"Permanent"
"9274",1,"Permanent"
"9275",2,"Permanent"
"9276",1,"Permanent"
"9277",1,"Permanent"
"9278",1,"Permanent"
"9279",2,"Permanent"
"9280",2,"Permanent"
"9281",2,"Permanent"
"9282",2,"Permanent"
"9283",2,"Permanent"
"9284",2,"Permanent"
"9285",3,"Permanent"
"9286",2,"Permanent"
"9287",2,"Permanent"
"9288",2,"Permanent"
"9289",2,"Permanent"
"9290",2,"Permanent"
"9291",2,"Permanent"
"9292",2,"Permanent"
"9293",2,"Permanent"
"9294",2,"Permanent"
"9295",2,"Permanent"
"9296",3,"Permanent"
"9297",3,"Permanent"
"9298",3,"Permanent"
"9299",3,"Permanent"
"9300",1,"Permanent"
"9301",1,"Permanent"
"9302",1,"Permanent"
"9303",1,"Permanent"
"9304",1,"Permanent"
"9305",1,"Permanent"
"9306",1,"Permanent"
"9307",1,"Permanent"
"9308",1,"Permanent"
"9309",1,"Permanent"
"9310",1,"Permanent"
"9311",1,"Permanent"
"9312",1,"Permanent"
"9313",1,"Permanent"
"9314",1,"Permanent"
"9315",1,"Permanent"
"9316",1,"Permanent"
"9317",2,"Permanent"
"9318",1,"Permanent"
"9319",2,"Permanent"
"9320",2,"Permanent"
"9321",2,"Permanent"
"9322",2,"Permanent"
"9323",2,"Permanent"
"9324",2,"Permanent"
"9325",2,"Permanent"
"9326",2,"Permanent"
"9327",2,"Permanent"
"9328",2,"Permanent"
"9329",2,"Permanent"
"9330",2,"Permanent"
"9331",2,"Permanent"
"9332",2,"Permanent"
"9333",2,"Permanent"
"9334",2,"Permanent"
"9335",2,"Permanent"
"9336",3,"Permanent"
"9337",3,"Permanent"
"9338",1,"Permanent"
"9339",1,"Permanent"
"9340",1,"Permanent"
"9341",1,"Permanent"
"9342",1,"Permanent"
"9343",1,"Permanent"
"9344",1,"Permanent"
"9345",1,"Permanent"
"9346",1,"Permanent"
"9347",1,"Permanent"
"9348",1,"Permanent"
"9349",1,"Permanent"
"9350",1,"Permanent"
"9351",1,"Permanent"
"9352",1,"Permanent"
"9353",1,"Permanent"
"9354",1,"Permanent"
"9355",1,"Permanent"
"9356",2,"Permanent"
"9357",2,"Permanent"
"9358",1,"Permanent"
"9359",1,"Permanent"
"9360",2,"Permanent"
"9361",2,"Permanent"
"9362",2,"Permanent"
"9363",2,"Permanent"
"9364",2,"Permanent"
"9365",2,"Permanent"
"9366",2,"Permanent"
"9367",2,"Permanent"
"9368",2,"Permanent"
"9369",2,"Permanent"
"9370",2,"Permanent"
"9371",2,"Permanent"
"9372",3,"Permanent"
"9373",2,"Permanent"
"9374",2,"Permanent"
"9375",2,"Permanent"
"9376",2,"Permanent"
"9377",2,"Permanent"
"9378",3,"Permanent"
"9379",3,"Permanent"
"9380",3,"Permanent"
"9381",3,"Permanent"
"9382",3,"Permanent"
"9383",3,"Permanent"
"9384",3,"Permanent"
"9385",3,"Permanent"
"9386",3,"Permanent"
"9387",3,"Permanent"
"9388",4,"Permanent"
"9389",2,"Permanent"
"9390",3,"Permanent"
"9391",3,"Permanent"
"9392",3,"Permanent"
"9393",4,"Permanent"
"9394",3,"Permanent"
"9395",4,"Permanent"
"9396",4,"Permanent"
"9397",4,"Permanent"
"9398",4,"Permanent"
"9399",4,"Permanent"
"9400",4,"Permanent"
"9401",4,"Permanent"
"9402",4,"Permanent"
"9403",3,"Permanent"
"9404",3,"Permanent"
"9405",3,"Permanent"
"9406",5,"Permanent"
"9407",3,"Permanent"
"9408",4,"Permanent"
"9409",4,"Permanent"
"9410",1,"Permanent"
"9411",1,"Permanent"
"9412",1,"Permanent"
"9413",1,"Permanent"
"9414",1,"Permanent"
"9415",1,"Permanent"
"9416",1,"Permanent"
"9417",1,"Permanent"
"9418",1,"Permanent"
"9419",1,"Permanent"
"9420",1,"Permanent"
"9421",1,"Permanent"
"9422",1,"Permanent"
"9423",1,"Permanent"
"9424",2,"Permanent"
"9425",1,"Permanent"
"9426",1,"Permanent"
"9427",1,"Permanent"
"9428",1,"Permanent"
"9429",2,"Permanent"
"9430",2,"Permanent"
"9431",2,"Permanent"
"9432",2,"Permanent"
"9433",2,"Permanent"
"9434",2,"Permanent"
"9435",2,"Permanent"
"9436",3,"Permanent"
"9437",2,"Permanent"
"9438",1,"Street"
"9439",1,"Street"
"9440",1,"Street"
"9441",1,"Street"
"9442",1,"Street"
"9443",2,"Street"
"9444",1,"Street"
"9445",1,"Street"
"9446",1,"Street"
"9447",1,"Street"
"9448",1,"Street"
"9449",1,"Street"
"9450",1,"Street"
"9451",1,"Street"
"9452",2,"Street"
"9453",1,"Street"
"9454",1,"Street"
"9455",2,"Street"
"9456",2,"Street"
"9457",3,"Street"
"9458",4,"Street"
"9459",1,"Permanent"
"9460",1,"Permanent"
"9461",1,"Permanent"
"9462",1,"Permanent"
"9463",1,"Permanent"
"9464",1,"Permanent"
"9465",1,"Permanent"
"9466",1,"Permanent"
"9467",1,"Permanent"
"9468",1,"Permanent"
"9469",1,"Permanent"
"9470",1,"Permanent"
"9471",1,"Permanent"
"9472",1,"Permanent"
"9473",1,"Permanent"
"9474",1,"Permanent"
"9475",1,"Permanent"
"9476",1,"Permanent"
"9477",2,"Permanent"
"9478",2,"Permanent"
"9479",2,"Permanent"
"9480",2,"Permanent"
"9481",2,"Permanent"
"9482",2,"Permanent"
"9483",2,"Permanent"
"9484",2,"Permanent"
"9485",2,"Permanent"
"9486",2,"Permanent"
"9487",2,"Permanent"
"9488",2,"Permanent"
"9489",2,"Permanent"
"9490",2,"Permanent"
"9491",3,"Permanent"
"9492",2,"Permanent"
"9493",2,"Permanent"
"9494",2,"Permanent"
"9495",2,"Permanent"
"9496",3,"Permanent"
"9497",3,"Permanent"
"9498",4,"Permanent"
"9499",3,"Permanent"
"9500",3,"Permanent"
"9501",1,"Permanent"
"9502",1,"Permanent"
"9503",1,"Permanent"
"9504",1,"Permanent"
"9505",1,"Permanent"
"9506",1,"Permanent"
"9507",1,"Permanent"
"9508",1,"Permanent"
"9509",1,"Permanent"
"9510",1,"Permanent"
"9511",1,"Permanent"
"9512",1,"Permanent"
"9513",1,"Permanent"
"9514",1,"Permanent"
"9515",1,"Permanent"
"9516",1,"Permanent"
"9517",1,"Permanent"
"9518",1,"Permanent"
"9519",1,"Permanent"
"9520",2,"Permanent"
"9521",2,"Permanent"
"9522",2,"Permanent"
"9523",2,"Permanent"
"9524",2,"Permanent"
"9525",2,"Permanent"
"9526",2,"Permanent"
"9527",2,"Permanent"
"9528",2,"Permanent"
"9529",2,"Permanent"
"9530",2,"Permanent"
"9531",2,"Permanent"
"9532",2,"Permanent"
"9533",2,"Permanent"
"9534",2,"Permanent"
"9535",2,"Permanent"
"9536",3,"Permanent"
"9537",1,"Street"
"9538",1,"Street"
"9539",1,"Street"
"9540",1,"Street"
"9541",1,"Street"
"9542",1,"Street"
"9543",1,"Street"
"9544",1,"Street"
"9545",1,"Street"
"9546",1,"Street"
"9547",1,"Street"
"9548",1,"Street"
"9549",1,"Street"
"9550",1,"Street"
"9551",1,"Street"
"9552",1,"Street"
"9553",1,"Street"
"9554",1,"Street"
"9555",2,"Street"
"9556",1,"Street"
"9557",1,"Street"
"9558",2,"Street"
"9559",2,"Street"
"9560",1,"Permanent"
"9561",1,"Permanent"
"9562",1,"Permanent"
"9563",1,"Permanent"
"9564",1,"Permanent"
"9565",1,"Permanent"
"9566",1,"Permanent"
"9567",1,"Permanent"
"9568",1,"Permanent"
"9569",2,"Permanent"
"9570",1,"Permanent"
"9571",2,"Permanent"
"9572",1,"Permanent"
"9573",1,"Permanent"
"9574",1,"Permanent"
"9575",1,"Permanent"
"9576",1,"Permanent"
"9577",2,"Permanent"
"9578",1,"Permanent"
"9579",1,"Permanent"
"9580",1,"Permanent"
"9581",2,"Permanent"
"9582",2,"Permanent"
"9583",2,"Permanent"
"9584",2,"Permanent"
"9585",2,"Permanent"
"9586",2,"Permanent"
"9587",3,"Permanent"
"9588",2,"Permanent"
"9589",2,"Permanent"
"9590",2,"Permanent"
"9591",2,"Permanent"
"9592",2,"Permanent"
"9593",2,"Permanent"
"9594",3,"Permanent"
"9595",2,"Permanent"
"9596",3,"Permanent"
"9597",2,"Permanent"
"9598",2,"Permanent"
"9599",3,"Permanent"
"9600",3,"Permanent"
"9601",3,"Permanent"
"9602",3,"Permanent"
"9603",3,"Permanent"
"9604",1,"Permanent"
"9605",1,"Permanent"
"9606",1,"Permanent"
"9607",1,"Permanent"
"9608",1,"Permanent"
"9609",1,"Permanent"
"9610",1,"Permanent"
"9611",1,"Permanent"
"9612",1,"Permanent"
"9613",1,"Permanent"
"9614",1,"Permanent"
"9615",1,"Permanent"
"9616",1,"Permanent"
"9617",1,"Permanent"
"9618",1,"Permanent"
"9619",1,"Permanent"
"9620",1,"Permanent"
"9621",1,"Permanent"
"9622",1,"Permanent"
"9623",1,"Permanent"
"9624",2,"Permanent"
"9625",2,"Permanent"
"9626",2,"Permanent"
"9627",2,"Permanent"
"9628",2,"Permanent"
"9629",2,"Permanent"
"9630",2,"Permanent"
"9631",2,"Permanent"
"9632",2,"Permanent"
"9633",2,"Permanent"
"9634",2,"Permanent"
"9635",1,"Permanent"
"9636",1,"Permanent"
"9637",1,"Permanent"
"9638",1,"Permanent"
"9639",1,"Permanent"
"9640",1,"Permanent"
"9641",1,"Permanent"
"9642",1,"Permanent"
"9643",1,"Permanent"
"9644",1,"Permanent"
"9645",1,"Permanent"
"9646",1,"Permanent"
"9647",1,"Permanent"
"9648",1,"Permanent"
"9649",1,"Permanent"
"9650",1,"Permanent"
"9651",1,"Permanent"
"9652",1,"Permanent"
"9653",2,"Permanent"
"9654",1,"Permanent"
"9655",2,"Permanent"
"9656",2,"Permanent"
"9657",2,"Permanent"
"9658",2,"Permanent"
"9659",2,"Permanent"
"9660",2,"Permanent"
"9661",3,"Permanent"
"9662",2,"Permanent"
"9663",2,"Permanent"
"9664",2,"Permanent"
"9665",2,"Permanent"
"9666",2,"Permanent"
"9667",2,"Permanent"
"9668",2,"Permanent"
"9669",2,"Permanent"
"9670",3,"Permanent"
"9671",2,"Permanent"
"9672",2,"Permanent"
"9673",2,"Permanent"
"9674",2,"Permanent"
"9675",4,"Permanent"
"9676",3,"Permanent"
"9677",3,"Permanent"
"9678",3,"Permanent"
"9679",3,"Permanent"
"9680",3,"Permanent"
"9681",3,"Permanent"
"9682",5,"Permanent"
"9683",3,"Permanent"
"9684",6,"Permanent"
"9685",1,"Street"
"9686",1,"Street"
"9687",1,"Street"
"9688",1,"Street"
"9689",1,"Street"
"9690",1,"Street"
"9691",1,"Street"
"9692",1,"Street"
"9693",1,"Street"
"9694",1,"Street"
"9695",1,"Street"
"9696",1,"Street"
"9697",1,"Street"
"9698",1,"Street"
"9699",2,"Street"
"9700",1,"Street"
"9701",1,"Street"
"9702",1,"Street"
"9703",1,"Street"
"9704",1,"Street"
"9705",1,"Street"
"9706",2,"Street"
"9707",2,"Street"
"9708",3,"Street"
"9709",1,"Street"
"9710",1,"Street"
"9711",1,"Street"
"9712",1,"Street"
"9713",1,"Street"
"9714",2,"Street"
"9715",2,"Street"
"9716",1,"Street"
"9717",1,"Street"
"9718",1,"Street"
"9719",1,"Street"
"9720",1,"Street"
"9721",1,"Street"
"9722",1,"Street"
"9723",1,"Street"
"9724",1,"Street"
"9725",2,"Street"
"9726",1,"Street"
"9727",1,"Street"
"9728",1,"Street"
"9729",2,"Street"
"9730",1,"Street"
"9731",2,"Street"
"9732",3,"Street"
"9733",2,"Street"
"9734",2,"Street"
"9735",3,"Street"
"9736",2,"Street"
"9737",4,"Street"
"9738",2,"Street"
"9739",3,"Street"
"9740",2,"Street"
"9741",3,"Street"
"9742",2,"Street"
"9743",2,"Street"
"9744",2,"Street"
"9745",2,"Street"
"9746",4,"Street"
"9747",3,"Street"
"9748",2,"Street"
"9749",2,"Street"
"9750",4,"Street"
"9751",5,"Street"
"9752",2,"Street"
"9753",2,"Street"
"9754",3,"Street"
"9755",3,"Street"
"9756",3,"Street"
"9757",4,"Street"
"9758",3,"Street"
"9759",5,"Street"
"9760",6,"Street"
"9761",4,"Street"
"9762",3,"Street"
"9763",3,"Street"
"9764",4,"Street"
"9765",3,"Street"
"9766",4,"Street"
"9767",3,"Street"
"9768",4,"Street"
"9769",5,"Street"
"9770",6,"Street"
"9771",5,"Street"
"9772",3,"Street"
"9773",3,"Street"
"9774",1,"Street"
"9775",1,"Street"
"9776",1,"Street"
"9777",1,"Street"
"9778",1,"Street"
"9779",1,"Street"
"9780",1,"Street"
"9781",1,"Street"
"9782",1,"Street"
"9783",1,"Street"
"9784",1,"Street"
"9785",1,"Street"
"9786",1,"Street"
"9787",1,"Street"
"9788",1,"Street"
"9789",1,"Street"
"9790",1,"Street"
"9791",2,"Street"
"9792",2,"Street"
"9793",3,"Street"
"9794",2,"Street"
"9795",1,"Street"
"9796",1,"Street"
"9797",1,"Street"
"9798",1,"Street"
"9799",1,"Street"
"9800",1,"Street"
"9801",1,"Street"
"9802",1,"Street"
"9803",1,"Street"
"9804",1,"Street"
"9805",1,"Street"
"9806",1,"Street"
"9807",1,"Street"
"9808",1,"Street"
"9809",1,"Street"
"9810",1,"Street"
"9811",1,"Street"
"9812",1,"Street"
"9813",1,"Street"
"9814",1,"Street"
"9815",1,"Street"
"9816",1,"Street"
"9817",1,"Street"
"9818",1,"Street"
"9819",1,"Street"
"9820",1,"Street"
"9821",1,"Street"
"9822",2,"Street"
"9823",1,"Street"
"9824",1,"Street"
"9825",1,"Street"
"9826",2,"Street"
"9827",1,"Street"
"9828",1,"Street"
"9829",1,"Street"
"9830",1,"Street"
"9831",1,"Street"
"9832",2,"Street"
"9833",2,"Street"
"9834",1,"Street"
"9835",3,"Street"
"9836",1,"Street"
"9837",1,"Street"
"9838",1,"Street"
"9839",2,"Street"
"9840",2,"Street"
"9841",2,"Street"
"9842",3,"Street"
"9843",1,"Street"
"9844",1,"Street"
"9845",2,"Street"
"9846",2,"Street"
"9847",2,"Street"
"9848",2,"Street"
"9849",2,"Street"
"9850",1,"Street"
"9851",4,"Street"
"9852",3,"Street"
"9853",5,"Street"
"9854",1,"Permanent"
"9855",1,"Permanent"
"9856",1,"Permanent"
"9857",1,"Permanent"
"9858",1,"Permanent"
"9859",1,"Permanent"
"9860",1,"Permanent"
"9861",1,"Permanent"
"9862",1,"Permanent"
"9863",1,"Permanent"
"9864",1,"Permanent"
"9865",1,"Permanent"
"9866",1,"Permanent"
"9867",1,"Permanent"
"9868",1,"Permanent"
"9869",1,"Permanent"
"9870",2,"Permanent"
"9871",1,"Permanent"
"9872",2,"Permanent"
"9873",1,"Permanent"
"9874",1,"Permanent"
"9875",2,"Permanent"
"9876",1,"Permanent"
"9877",2,"Permanent"
"9878",2,"Permanent"
"9879",2,"Permanent"
"9880",2,"Permanent"
"9881",2,"Permanent"
"9882",2,"Permanent"
"9883",2,"Permanent"
"9884",2,"Permanent"
"9885",2,"Permanent"
"9886",2,"Permanent"
"9887",2,"Permanent"
"9888",2,"Permanent"
"9889",3,"Permanent"
"9890",3,"Permanent"
"9891",2,"Permanent"
"9892",2,"Permanent"
"9893",2,"Permanent"
"9894",2,"Permanent"
"9895",3,"Permanent"
"9896",2,"Permanent"
"9897",1,"Street"
"9898",1,"Street"
"9899",1,"Street"
"9900",1,"Street"
"9901",1,"Street"
"9902",1,"Street"
"9903",1,"Street"
"9904",1,"Street"
"9905",1,"Street"
"9906",1,"Street"
"9907",1,"Street"
"9908",1,"Street"
"9909",1,"Street"
"9910",1,"Street"
"9911",2,"Street"
"9912",2,"Street"
"9913",2,"Street"
"9914",2,"Street"
"9915",2,"Street"
"9916",2,"Street"
"9917",1,"Street"
"9918",2,"Street"
"9919",1,"Street"
"9920",1,"Street"
"9921",2,"Street"
"9922",1,"Street"
"9923",1,"Street"
"9924",2,"Street"
"9925",2,"Street"
"9926",2,"Street"
"9927",2,"Street"
"9928",2,"Street"
"9929",2,"Street"
"9930",1,"Permanent"
"9931",1,"Permanent"
"9932",1,"Permanent"
"9933",1,"Permanent"
"9934",1,"Permanent"
"9935",1,"Permanent"
"9936",1,"Permanent"
"9937",1,"Permanent"
"9938",1,"Permanent"
"9939",1,"Permanent"
"9940",1,"Permanent"
"9941",1,"Permanent"
"9942",1,"Permanent"
"9943",1,"Permanent"
"9944",1,"Permanent"
"9945",1,"Permanent"
"9946",1,"Permanent"
"9947",1,"Permanent"
"9948",1,"Permanent"
"9949",1,"Permanent"
"9950",2,"Permanent"
"9951",2,"Permanent"
"9952",2,"Permanent"
"9953",2,"Permanent"
"9954",2,"Permanent"
"9955",2,"Permanent"
"9956",2,"Permanent"
"9957",2,"Permanent"
"9958",2,"Permanent"
"9959",2,"Permanent"
"9960",2,"Permanent"
"9961",2,"Permanent"
"9962",2,"Permanent"
"9963",2,"Permanent"
"9964",2,"Permanent"
"9965",2,"Permanent"
"9966",2,"Permanent"
"9967",2,"Permanent"
"9968",3,"Permanent"
"9969",3,"Permanent"
"9970",2,"Permanent"
"9971",2,"Permanent"
"9972",3,"Permanent"
"9973",3,"Permanent"
"9974",3,"Permanent"
"9975",3,"Permanent"
"9976",3,"Permanent"
"9977",3,"Permanent"
"9978",3,"Permanent"
"9979",3,"Permanent"
"9980",3,"Permanent"
"9981",4,"Permanent"
"9982",3,"Permanent"
"9983",3,"Permanent"
"9984",4,"Permanent"
"9985",3,"Permanent"
"9986",3,"Permanent"
"9987",3,"Permanent"
"9988",3,"Permanent"
"9989",3,"Permanent"
"9990",3,"Permanent"
"9991",4,"Permanent"
"9992",4,"Permanent"
"9993",1,"Permanent"
"9994",1,"Permanent"
"9995",1,"Permanent"
"9996",1,"Permanent"
"9997",1,"Permanent"
"9998",1,"Permanent"
"9999",1,"Permanent"
"10000",1,"Permanent"
"10001",1,"Permanent"
"10002",1,"Permanent"
"10003",1,"Permanent"
"10004",1,"Permanent"
"10005",1,"Permanent"
"10006",2,"Permanent"
"10007",1,"Permanent"
"10008",2,"Permanent"
"10009",2,"Permanent"
"10010",2,"Permanent"
"10011",1,"Permanent"
"10012",1,"Permanent"
"10013",1,"Permanent"
"10014",1,"Permanent"
"10015",2,"Permanent"
"10016",3,"Permanent"
"10017",1,"Permanent"
"10018",1,"Permanent"
"10019",1,"Permanent"
"10020",1,"Permanent"
"10021",1,"Permanent"
"10022",1,"Permanent"
"10023",1,"Permanent"
"10024",1,"Permanent"
"10025",1,"Permanent"
"10026",1,"Permanent"
"10027",1,"Permanent"
"10028",1,"Permanent"
"10029",1,"Permanent"
"10030",1,"Permanent"
"10031",1,"Permanent"
"10032",1,"Permanent"
"10033",1,"Permanent"
"10034",1,"Permanent"
"10035",2,"Permanent"
"10036",2,"Permanent"
"10037",2,"Permanent"
"10038",2,"Permanent"
"10039",2,"Permanent"
"10040",2,"Permanent"
"10041",2,"Permanent"
"10042",2,"Permanent"
"10043",2,"Permanent"
"10044",2,"Permanent"
"10045",2,"Permanent"
"10046",2,"Permanent"
"10047",2,"Permanent"
"10048",2,"Permanent"
"10049",2,"Permanent"
"10050",2,"Permanent"
"10051",2,"Permanent"
"10052",2,"Permanent"
"10053",1,"Permanent"
"10054",1,"Permanent"
"10055",1,"Permanent"
"10056",1,"Permanent"
"10057",1,"Permanent"
"10058",1,"Permanent"
"10059",1,"Permanent"
"10060",1,"Permanent"
"10061",1,"Permanent"
"10062",1,"Permanent"
"10063",1,"Permanent"
"10064",1,"Permanent"
"10065",1,"Permanent"
"10066",1,"Permanent"
"10067",1,"Permanent"
"10068",1,"Permanent"
"10069",2,"Permanent"
"10070",1,"Permanent"
"10071",1,"Permanent"
"10072",2,"Permanent"
"10073",1,"Permanent"
"10074",2,"Permanent"
"10075",2,"Permanent"
"10076",2,"Permanent"
"10077",2,"Permanent"
"10078",2,"Permanent"
"10079",2,"Permanent"
"10080",2,"Permanent"
"10081",2,"Permanent"
"10082",2,"Permanent"
"10083",2,"Permanent"
"10084",2,"Permanent"
"10085",2,"Permanent"
"10086",2,"Permanent"
"10087",3,"Permanent"
"10088",3,"Permanent"
"10089",3,"Permanent"
"10090",1,"Permanent"
"10091",1,"Permanent"
"10092",1,"Permanent"
"10093",1,"Permanent"
"10094",1,"Permanent"
"10095",1,"Permanent"
"10096",1,"Permanent"
"10097",1,"Permanent"
"10098",1,"Permanent"
"10099",1,"Permanent"
"10100",1,"Permanent"
"10101",1,"Permanent"
"10102",1,"Permanent"
"10103",1,"Permanent"
"10104",1,"Permanent"
"10105",2,"Permanent"
"10106",2,"Permanent"
"10107",2,"Permanent"
"10108",2,"Permanent"
"10109",2,"Permanent"
"10110",2,"Permanent"
"10111",2,"Permanent"
"10112",2,"Permanent"
"10113",2,"Permanent"
"10114",2,"Permanent"
"10115",2,"Permanent"
"10116",2,"Permanent"
"10117",2,"Permanent"
"10118",2,"Permanent"
"10119",2,"Permanent"
"10120",1,"Permanent"
"10121",1,"Permanent"
"10122",1,"Permanent"
"10123",3,"Permanent"
"10124",3,"Permanent"
"10125",3,"Permanent"
"10126",4,"Permanent"
"10127",3,"Permanent"
"10128",3,"Permanent"
"10129",3,"Permanent"
"10130",3,"Permanent"
"10131",3,"Permanent"
"10132",1,"Permanent"
"10133",3,"Permanent"
"10134",3,"Permanent"
"10135",3,"Permanent"
"10136",2,"Permanent"
"10137",4,"Permanent"
"10138",2,"Permanent"
"10139",3,"Permanent"
"10140",2,"Permanent"
"10141",3,"Permanent"
"10142",3,"Permanent"
"10143",5,"Permanent"
"10144",4,"Permanent"
"10145",4,"Permanent"
"10146",4,"Permanent"
"10147",4,"Permanent"
"10148",4,"Permanent"
"10149",4,"Permanent"
"10150",3,"Permanent"
"10151",3,"Permanent"
"10152",4,"Permanent"
"10153",5,"Permanent"
"10154",3,"Permanent"
"10155",4,"Permanent"
"10156",4,"Permanent"
"10157",4,"Permanent"
"10158",2,"Permanent"
"10159",4,"Permanent"
"10160",5,"Permanent"
"10161",5,"Permanent"
"10162",5,"Permanent"
"10163",5,"Permanent"
"10164",3,"Permanent"
"10165",4,"Permanent"
"10166",5,"Permanent"
"10167",4,"Permanent"
"10168",6,"Permanent"
"10169",4,"Permanent"
"10170",4,"Permanent"
"10171",6,"Permanent"
"10172",5,"Permanent"
"10173",6,"Permanent"
"10174",5,"Permanent"
"10175",5,"Permanent"
"10176",5,"Permanent"
"10177",5,"Permanent"
"10178",6,"Permanent"
"10179",6,"Permanent"
"10180",6,"Permanent"
"10181",4,"Permanent"
"10182",5,"Permanent"
"10183",6,"Permanent"
"10184",5,"Permanent"
"10185",7,"Permanent"
"10186",5,"Permanent"
"10187",5,"Permanent"
"10188",7,"Permanent"
"10189",6,"Permanent"
"10190",7,"Permanent"
"10191",1,"Permanent"
"10192",1,"Permanent"
"10193",1,"Permanent"
"10194",1,"Permanent"
"10195",1,"Permanent"
"10196",1,"Permanent"
"10197",1,"Permanent"
"10198",1,"Permanent"
"10199",1,"Permanent"
"10200",1,"Permanent"
"10201",1,"Permanent"
"10202",1,"Permanent"
"10203",1,"Permanent"
"10204",1,"Permanent"
"10205",1,"Permanent"
"10206",1,"Permanent"
"10207",1,"Permanent"
"10208",1,"Permanent"
"10209",1,"Permanent"
"10210",2,"Permanent"
"10211",2,"Permanent"
"10212",2,"Permanent"
"10213",2,"Permanent"
"10214",2,"Permanent"
"10215",2,"Permanent"
"10216",1,"Street"
"10217",1,"Street"
"10218",1,"Street"
"10219",1,"Street"
"10220",1,"Street"
"10221",1,"Street"
"10222",1,"Street"
"10223",1,"Street"
"10224",1,"Street"
"10225",1,"Street"
"10226",1,"Street"
"10227",1,"Street"
"10228",1,"Street"
"10229",1,"Street"
"10230",1,"Street"
"10231",2,"Street"
"10232",1,"Street"
"10233",1,"Street"
"10234",1,"Street"
"10235",2,"Street"
"10236",2,"Street"
"10237",2,"Street"
"10238",2,"Street"
"10239",2,"Street"
"10240",2,"Street"
"10241",1,"Permanent"
"10242",1,"Permanent"
"10243",1,"Permanent"
"10244",1,"Permanent"
"10245",1,"Permanent"
"10246",1,"Permanent"
"10247",2,"Permanent"
"10248",2,"Permanent"
"10249",1,"Permanent"
"10250",1,"Permanent"
"10251",1,"Permanent"
"10252",2,"Permanent"
"10253",1,"Permanent"
"10254",2,"Permanent"
"10255",1,"Permanent"
"10256",1,"Permanent"
"10257",2,"Permanent"
"10258",1,"Permanent"
"10259",3,"Permanent"
"10260",1,"Permanent"
"10261",1,"Permanent"
"10262",1,"Permanent"
"10263",1,"Permanent"
"10264",1,"Permanent"
"10265",1,"Permanent"
"10266",2,"Permanent"
"10267",3,"Permanent"
"10268",1,"Permanent"
"10269",2,"Permanent"
"10270",2,"Permanent"
"10271",2,"Permanent"
"10272",3,"Permanent"
"10273",2,"Permanent"
"10274",2,"Permanent"
"10275",2,"Permanent"
"10276",2,"Permanent"
"10277",2,"Permanent"
"10278",2,"Permanent"
"10279",2,"Permanent"
"10280",2,"Permanent"
"10281",3,"Permanent"
"10282",2,"Permanent"
"10283",4,"Permanent"
"10284",1,"Permanent"
"10285",1,"Permanent"
"10286",1,"Permanent"
"10287",1,"Permanent"
"10288",1,"Permanent"
"10289",1,"Permanent"
"10290",1,"Permanent"
"10291",1,"Permanent"
"10292",1,"Permanent"
"10293",1,"Permanent"
"10294",1,"Permanent"
"10295",1,"Permanent"
"10296",1,"Permanent"
"10297",1,"Permanent"
"10298",2,"Permanent"
"10299",1,"Permanent"
"10300",1,"Permanent"
"10301",1,"Permanent"
"10302",1,"Permanent"
"10303",2,"Permanent"
"10304",2,"Permanent"
"10305",2,"Permanent"
"10306",2,"Permanent"
"10307",2,"Permanent"
"10308",2,"Permanent"
"10309",2,"Permanent"
"10310",2,"Permanent"
"10311",2,"Permanent"
"10312",2,"Permanent"
"10313",2,"Permanent"
"10314",2,"Permanent"
"10315",2,"Permanent"
"10316",2,"Permanent"
"10317",2,"Permanent"
"10318",3,"Permanent"
"10319",2,"Permanent"
"10320",2,"Permanent"
"10321",3,"Permanent"
"10322",3,"Permanent"
"10323",3,"Permanent"
"10324",3,"Permanent"
"10325",3,"Permanent"
"10326",3,"Permanent"
"10327",3,"Permanent"
"10328",3,"Permanent"
"10329",3,"Permanent"
"10330",3,"Permanent"
"10331",3,"Permanent"
"10332",3,"Permanent"
"10333",3,"Permanent"
"10334",3,"Permanent"
"10335",4,"Permanent"
"10336",3,"Permanent"
"10337",3,"Permanent"
"10338",2,"Permanent"
"10339",2,"Permanent"
"10340",2,"Permanent"
"10341",1,"Permanent"
"10342",1,"Permanent"
"10343",1,"Permanent"
"10344",1,"Permanent"
"10345",1,"Permanent"
"10346",1,"Permanent"
"10347",1,"Permanent"
"10348",1,"Permanent"
"10349",1,"Permanent"
"10350",1,"Permanent"
"10351",1,"Permanent"
"10352",1,"Permanent"
"10353",1,"Permanent"
"10354",1,"Permanent"
"10355",1,"Permanent"
"10356",1,"Permanent"
"10357",2,"Permanent"
"10358",2,"Permanent"
"10359",2,"Permanent"
"10360",2,"Permanent"
"10361",2,"Permanent"
"10362",2,"Permanent"
"10363",2,"Permanent"
"10364",1,"Permanent"
"10365",2,"Permanent"
"10366",2,"Permanent"
"10367",2,"Permanent"
"10368",2,"Permanent"
"10369",2,"Permanent"
"10370",2,"Permanent"
"10371",2,"Permanent"
"10372",3,"Permanent"
"10373",1,"Permanent"
"10374",1,"Street"
"10375",1,"Street"
"10376",1,"Street"
"10377",1,"Street"
"10378",1,"Street"
"10379",1,"Street"
"10380",1,"Street"
"10381",1,"Street"
"10382",1,"Street"
"10383",1,"Street"
"10384",1,"Street"
"10385",1,"Street"
"10386",1,"Street"
"10387",1,"Street"
"10388",1,"Street"
"10389",1,"Street"
"10390",1,"Street"
"10391",2,"Street"
"10392",2,"Street"
"10393",1,"Street"
"10394",3,"Street"
"10395",2,"Street"
"10396",2,"Street"
"10397",2,"Street"
"10398",2,"Street"
"10399",2,"Street"
"10400",2,"Street"
"10401",2,"Street"
"10402",2,"Street"
"10403",3,"Street"
"10404",2,"Street"
"10405",2,"Street"
"10406",2,"Street"
"10407",1,"Street"
"10408",2,"Street"
"10409",2,"Street"
"10410",2,"Street"
"10411",2,"Street"
"10412",1,"Permanent"
"10413",1,"Permanent"
"10414",1,"Permanent"
"10415",1,"Permanent"
"10416",1,"Permanent"
"10417",1,"Permanent"
"10418",1,"Permanent"
"10419",1,"Permanent"
"10420",1,"Permanent"
"10421",1,"Permanent"
"10422",1,"Permanent"
"10423",1,"Permanent"
"10424",1,"Permanent"
"10425",1,"Permanent"
"10426",1,"Permanent"
"10427",1,"Permanent"
"10428",1,"Permanent"
"10429",2,"Permanent"
"10430",2,"Permanent"
"10431",2,"Permanent"
"10432",2,"Permanent"
"10433",2,"Permanent"
"10434",2,"Permanent"
"10435",2,"Permanent"
"10436",2,"Permanent"
"10437",2,"Permanent"
"10438",2,"Permanent"
"10439",2,"Permanent"
"10440",2,"Permanent"
"10441",2,"Permanent"
"10442",2,"Permanent"
"10443",2,"Permanent"
"10444",2,"Permanent"
"10445",2,"Permanent"
"10446",3,"Permanent"
"10447",3,"Permanent"
"10448",3,"Permanent"
"10449",3,"Permanent"
"10450",3,"Permanent"
"10451",3,"Permanent"
"10452",3,"Permanent"
"10453",3,"Permanent"
"10454",3,"Permanent"
"10455",3,"Permanent"
"10456",3,"Permanent"
"10457",3,"Permanent"
"10458",3,"Permanent"
"10459",3,"Permanent"
"10460",3,"Permanent"
"10461",3,"Permanent"
"10462",3,"Permanent"
"10463",4,"Permanent"
"10464",4,"Permanent"
"10465",4,"Permanent"
"10466",4,"Permanent"
"10467",4,"Permanent"
"10468",4,"Permanent"
"10469",4,"Permanent"
"10470",4,"Permanent"
"10471",4,"Permanent"
"10472",5,"Permanent"
"10473",4,"Permanent"
"10474",4,"Permanent"
"10475",4,"Permanent"
"10476",4,"Permanent"
"10477",4,"Permanent"
"10478",4,"Permanent"
"10479",1,"Street"
"10480",1,"Street"
"10481",1,"Street"
"10482",1,"Street"
"10483",1,"Street"
"10484",1,"Street"
"10485",1,"Street"
"10486",1,"Street"
"10487",1,"Street"
"10488",1,"Street"
"10489",1,"Street"
"10490",1,"Street"
"10491",1,"Street"
"10492",1,"Street"
"10493",1,"Street"
"10494",1,"Street"
"10495",1,"Street"
"10496",1,"Street"
"10497",2,"Street"
"10498",2,"Street"
"10499",2,"Street"
"10500",2,"Street"
"10501",2,"Street"
"10502",2,"Street"
"10503",2,"Street"
"10504",2,"Street"
"10505",1,"Street"
"10506",2,"Street"
"10507",2,"Street"
"10508",2,"Street"
"10509",2,"Street"
"10510",1,"Permanent"
"10511",1,"Permanent"
"10512",1,"Permanent"
"10513",1,"Permanent"
"10514",1,"Permanent"
"10515",1,"Permanent"
"10516",1,"Permanent"
"10517",1,"Permanent"
"10518",1,"Permanent"
"10519",1,"Permanent"
"10520",1,"Permanent"
"10521",1,"Permanent"
"10522",1,"Permanent"
"10523",1,"Permanent"
"10524",1,"Permanent"
"10525",1,"Permanent"
"10526",1,"Permanent"
"10527",1,"Permanent"
"10528",2,"Permanent"
"10529",1,"Permanent"
"10530",1,"Permanent"
"10531",2,"Permanent"
"10532",2,"Permanent"
"10533",2,"Permanent"
"10534",2,"Permanent"
"10535",2,"Permanent"
"10536",2,"Permanent"
"10537",2,"Permanent"
"10538",2,"Permanent"
"10539",2,"Permanent"
"10540",2,"Permanent"
"10541",2,"Permanent"
"10542",2,"Permanent"
"10543",2,"Permanent"
"10544",2,"Permanent"
"10545",2,"Permanent"
"10546",2,"Permanent"
"10547",1,"Permanent"
"10548",1,"Permanent"
"10549",1,"Permanent"
"10550",1,"Permanent"
"10551",1,"Permanent"
"10552",1,"Permanent"
"10553",1,"Permanent"
"10554",1,"Permanent"
"10555",1,"Permanent"
"10556",1,"Street"
"10557",1,"Permanent"
"10558",1,"Permanent"
"10559",1,"Permanent"
"10560",1,"Street"
"10561",1,"Permanent"
"10562",1,"Permanent"
"10563",1,"Permanent"
"10564",1,"Permanent"
"10565",1,"Permanent"
"10566",1,"Permanent"
"10567",2,"Permanent"
"10568",2,"Permanent"
"10569",2,"Permanent"
"10570",2,"Permanent"
"10571",2,"Permanent"
"10572",2,"Permanent"
"10573",2,"Permanent"
"10574",2,"Permanent"
"10575",2,"Permanent"
"10576",1,"Street"
"10577",2,"Permanent"
"10578",2,"Permanent"
"10579",1,"Street"
"10580",2,"Permanent"
"10581",2,"Permanent"
"10582",2,"Permanent"
"10583",2,"Permanent"
"10584",2,"Permanent"
"10585",2,"Permanent"
"10586",2,"Permanent"
"10587",3,"Permanent"
"10588",3,"Permanent"
"10589",3,"Permanent"
"10590",1,"Permanent"
"10591",1,"Permanent"
"10592",2,"Permanent"
"10593",2,"Permanent"
"10594",1,"Street"
"10595",1,"Street"
"10596",1,"Street"
"10597",1,"Street"
"10598",1,"Street"
"10599",1,"Street"
"10600",1,"Street"
"10601",1,"Street"
"10602",1,"Street"
"10603",1,"Street"
"10604",1,"Street"
"10605",2,"Street"
"10606",1,"Street"
"10607",1,"Street"
"10608",1,"Street"
"10609",1,"Street"
"10610",1,"Street"
"10611",1,"Street"
"10612",1,"Street"
"10613",1,"Street"
"10614",1,"Street"
"10615",1,"Street"
"10616",1,"Street"
"10617",1,"Street"
"10618",1,"Street"
"10619",1,"Street"
"10620",1,"Street"
"10621",1,"Street"
"10622",1,"Street"
"10623",1,"Street"
"10624",2,"Street"
"10625",1,"Street"
"10626",1,"Street"
"10627",1,"Street"
"10628",2,"Street"
"10629",2,"Street"
"10630",2,"Street"
"10631",2,"Street"
"10632",2,"Street"
"10633",2,"Street"
"10634",2,"Street"
"10635",2,"Street"
"10636",2,"Street"
"10637",2,"Street"
"10638",2,"Street"
"10639",2,"Street"
"10640",2,"Street"
"10641",2,"Street"
"10642",2,"Street"
"10643",3,"Street"
"10644",2,"Street"
"10645",1,"Permanent"
"10646",1,"Permanent"
"10647",1,"Permanent"
"10648",1,"Permanent"
"10649",1,"Permanent"
"10650",1,"Permanent"
"10651",1,"Permanent"
"10652",1,"Permanent"
"10653",1,"Permanent"
"10654",1,"Permanent"
"10655",1,"Permanent"
"10656",1,"Permanent"
"10657",1,"Permanent"
"10658",1,"Permanent"
"10659",1,"Permanent"
"10660",1,"Permanent"
"10661",1,"Permanent"
"10662",1,"Permanent"
"10663",2,"Permanent"
"10664",2,"Permanent"
"10665",2,"Permanent"
"10666",2,"Permanent"
"10667",2,"Permanent"
"10668",3,"Permanent"
"10669",2,"Permanent"
"10670",2,"Permanent"
"10671",2,"Permanent"
"10672",2,"Permanent"
"10673",2,"Permanent"
"10674",2,"Permanent"
"10675",2,"Permanent"
"10676",2,"Permanent"
"10677",2,"Permanent"
"10678",2,"Permanent"
"10679",3,"Permanent"
"10680",2,"Permanent"
"10681",3,"Permanent"
"10682",3,"Permanent"
"10683",2,"Permanent"
"10684",2,"Permanent"
"10685",3,"Permanent"
"10686",3,"Permanent"
"10687",3,"Permanent"
"10688",3,"Permanent"
"10689",3,"Permanent"
"10690",3,"Permanent"
"10691",3,"Permanent"
"10692",3,"Permanent"
"10693",4,"Permanent"
"10694",3,"Permanent"
"10695",3,"Permanent"
"10696",3,"Permanent"
"10697",3,"Permanent"
"10698",4,"Permanent"
"10699",1,"Permanent"
"10700",1,"Permanent"
"10701",1,"Permanent"
"10702",1,"Permanent"
"10703",1,"Permanent"
"10704",1,"Permanent"
"10705",1,"Permanent"
"10706",1,"Permanent"
"10707",1,"Permanent"
"10708",1,"Permanent"
"10709",1,"Permanent"
"10710",1,"Permanent"
"10711",1,"Permanent"
"10712",1,"Permanent"
"10713",1,"Permanent"
"10714",1,"Permanent"
"10715",1,"Permanent"
"10716",1,"Permanent"
"10717",1,"Permanent"
"10718",2,"Permanent"
"10719",2,"Permanent"
"10720",1,"Permanent"
"10721",2,"Permanent"
"10722",2,"Permanent"
"10723",2,"Permanent"
"10724",2,"Permanent"
"10725",2,"Permanent"
"10726",2,"Permanent"
"10727",2,"Permanent"
"10728",2,"Permanent"
"10729",2,"Permanent"
"10730",2,"Permanent"
"10731",2,"Permanent"
"10732",2,"Permanent"
"10733",3,"Permanent"
"10734",2,"Permanent"
"10735",4,"Permanent"
"10736",3,"Permanent"
"10737",3,"Permanent"
"10738",3,"Permanent"
"10739",1,"Street"
"10740",1,"Street"
"10741",1,"Street"
"10742",1,"Street"
"10743",1,"Street"
"10744",1,"Street"
"10745",1,"Street"
"10746",1,"Street"
"10747",1,"Street"
"10748",1,"Street"
"10749",1,"Street"
"10750",1,"Street"
"10751",1,"Street"
"10752",1,"Street"
"10753",1,"Street"
"10754",1,"Street"
"10755",2,"Street"
"10756",1,"Street"
"10757",1,"Street"
"10758",1,"Street"
"10759",2,"Street"
"10760",2,"Street"
"10761",2,"Street"
"10762",1,"Street"
"10763",2,"Street"
"10764",3,"Street"
"10765",2,"Street"
"10766",2,"Street"
"10767",1,"Permanent"
"10768",1,"Permanent"
"10769",1,"Permanent"
"10770",1,"Permanent"
"10771",2,"Permanent"
"10772",1,"Permanent"
"10773",1,"Permanent"
"10774",1,"Permanent"
"10775",1,"Permanent"
"10776",1,"Permanent"
"10777",1,"Permanent"
"10778",1,"Permanent"
"10779",3,"Permanent"
"10780",1,"Permanent"
"10781",1,"Permanent"
"10782",1,"Permanent"
"10783",1,"Permanent"
"10784",4,"Permanent"
"10785",2,"Permanent"
"10786",1,"Permanent"
"10787",1,"Permanent"
"10788",1,"Permanent"
"10789",1,"Permanent"
"10790",1,"Permanent"
"10791",2,"Permanent"
"10792",2,"Permanent"
"10793",3,"Permanent"
"10794",1,"Street"
"10795",1,"Street"
"10796",1,"Street"
"10797",1,"Street"
"10798",1,"Street"
"10799",1,"Street"
"10800",1,"Street"
"10801",1,"Street"
"10802",1,"Street"
"10803",1,"Street"
"10804",1,"Street"
"10805",1,"Street"
"10806",2,"Street"
"10807",1,"Street"
"10808",1,"Street"
"10809",2,"Street"
"10810",1,"Street"
"10811",1,"Street"
"10812",2,"Street"
"10813",3,"Street"
"10814",2,"Street"
"10815",3,"Street"
"10816",1,"Street"
"10817",2,"Street"
"10818",2,"Street"
"10819",2,"Street"
"10820",2,"Street"
"10821",2,"Street"
"10822",2,"Street"
"10823",1,"Street"
"10824",2,"Street"
"10825",1,"Street"
"10826",2,"Street"
"10827",3,"Street"
"10828",2,"Street"
"10829",2,"Street"
"10830",2,"Street"
"10831",2,"Street"
"10832",3,"Street"
"10833",3,"Street"
"10834",3,"Street"
"10835",4,"Street"
"10836",1,"Street"
"10837",1,"Street"
"10838",1,"Street"
"10839",1,"Street"
"10840",1,"Street"
"10841",1,"Street"
"10842",1,"Street"
"10843",1,"Street"
"10844",1,"Street"
"10845",1,"Street"
"10846",1,"Street"
"10847",1,"Street"
"10848",1,"Street"
"10849",1,"Street"
"10850",1,"Street"
"10851",1,"Street"
"10852",15,"Street"
"10853",42,"Street"
"10854",48,"Street"
"10855",51,"Street"
"10856",52,"Street"
"10857",57,"Street"
"10858",70,"Street"
"10859",1,"Permanent"
"10860",1,"Permanent"
"10861",1,"Permanent"
"10862",1,"Permanent"
"10863",1,"Permanent"
"10864",1,"Permanent"
"10865",1,"Permanent"
"10866",1,"Permanent"
"10867",1,"Permanent"
"10868",1,"Permanent"
"10869",1,"Permanent"
"10870",1,"Permanent"
"10871",1,"Permanent"
"10872",1,"Permanent"
"10873",1,"Permanent"
"10874",1,"Permanent"
"10875",1,"Permanent"
"10876",1,"Permanent"
"10877",1,"Permanent"
"10878",1,"Permanent"
"10879",2,"Permanent"
"10880",2,"Permanent"
"10881",2,"Permanent"
"10882",2,"Permanent"
"10883",2,"Permanent"
"10884",2,"Permanent"
"10885",2,"Permanent"
"10886",2,"Permanent"
"10887",2,"Permanent"
"10888",2,"Permanent"
"10889",2,"Permanent"
"10890",2,"Permanent"
"10891",2,"Permanent"
"10892",2,"Permanent"
"10893",2,"Permanent"
"10894",2,"Permanent"
"10895",3,"Permanent"
"10896",2,"Permanent"
"10897",2,"Permanent"
"10898",2,"Permanent"
"10899",2,"Permanent"
"10900",3,"Permanent"
"10901",1,"Permanent"
"10902",1,"Permanent"
"10903",1,"Permanent"
"10904",1,"Permanent"
"10905",1,"Permanent"
"10906",1,"Permanent"
"10907",1,"Permanent"
"10908",2,"Permanent"
"10909",1,"Permanent"
"10910",1,"Permanent"
"10911",1,"Permanent"
"10912",1,"Permanent"
"10913",2,"Permanent"
"10914",1,"Permanent"
"10915",1,"Permanent"
"10916",1,"Permanent"
"10917",1,"Permanent"
"10918",1,"Permanent"
"10919",1,"Permanent"
"10920",1,"Permanent"
"10921",1,"Permanent"
"10922",1,"Permanent"
"10923",3,"Permanent"
"10924",2,"Permanent"
"10925",2,"Permanent"
"10926",2,"Permanent"
"10927",2,"Permanent"
"10928",2,"Permanent"
"10929",2,"Permanent"
"10930",2,"Permanent"
"10931",2,"Permanent"
"10932",2,"Permanent"
"10933",2,"Permanent"
"10934",2,"Permanent"
"10935",2,"Permanent"
"10936",3,"Permanent"
"10937",2,"Permanent"
"10938",2,"Permanent"
"10939",2,"Permanent"
"10940",2,"Permanent"
"10941",4,"Permanent"
"10942",2,"Permanent"
"10943",2,"Permanent"
"10944",3,"Permanent"
"10945",3,"Permanent"
"10946",1,"Permanent"
"10947",1,"Permanent"
"10948",1,"Permanent"
"10949",1,"Permanent"
"10950",2,"Permanent"
"10951",2,"Permanent"
"10952",1,"Permanent"
"10953",1,"Permanent"
"10954",1,"Permanent"
"10955",1,"Permanent"
"10956",1,"Permanent"
"10957",1,"Permanent"
"10958",1,"Permanent"
"10959",1,"Permanent"
"10960",1,"Permanent"
"10961",1,"Permanent"
"10962",1,"Permanent"
"10963",1,"Permanent"
"10964",3,"Permanent"
"10965",1,"Permanent"
"10966",1,"Permanent"
"10967",3,"Permanent"
"10968",1,"Permanent"
"10969",2,"Permanent"
"10970",2,"Permanent"
"10971",2,"Permanent"
"10972",2,"Permanent"
"10973",2,"Permanent"
"10974",2,"Permanent"
"10975",2,"Permanent"
"10976",2,"Permanent"
"10977",3,"Permanent"
"10978",3,"Permanent"
"10979",2,"Permanent"
"10980",2,"Permanent"
"10981",2,"Permanent"
"10982",2,"Permanent"
"10983",2,"Permanent"
"10984",4,"Permanent"
"10985",2,"Permanent"
"10986",2,"Permanent"
"10987",2,"Permanent"
"10988",4,"Permanent"
"10989",4,"Permanent"
"10990",3,"Permanent"
"10991",1,"Permanent"
"10992",1,"Permanent"
"10993",1,"Permanent"
"10994",1,"Permanent"
"10995",1,"Permanent"
"10996",1,"Permanent"
"10997",1,"Permanent"
"10998",1,"Permanent"
"10999",1,"Permanent"
"11000",1,"Permanent"
"11001",1,"Permanent"
"11002",1,"Permanent"
"11003",1,"Permanent"
"11004",1,"Permanent"
"11005",1,"Permanent"
"11006",1,"Permanent"
"11007",1,"Permanent"
"11008",1,"Permanent"
"11009",2,"Permanent"
"11010",1,"Permanent"
"11011",2,"Permanent"
"11012",2,"Permanent"
"11013",2,"Permanent"
"11014",1,"Permanent"
"11015",2,"Permanent"
"11016",2,"Permanent"
"11017",2,"Permanent"
"11018",2,"Permanent"
"11019",2,"Permanent"
"11020",2,"Permanent"
"11021",2,"Permanent"
"11022",2,"Permanent"
"11023",2,"Permanent"
"11024",2,"Permanent"
"11025",2,"Permanent"
"11026",2,"Permanent"
"11027",2,"Permanent"
"11028",2,"Permanent"
"11029",3,"Permanent"
"11030",3,"Permanent"
"11031",1,"Permanent"
"11032",1,"Permanent"
"11033",1,"Permanent"
"11034",1,"Permanent"
"11035",1,"Permanent"
"11036",1,"Permanent"
"11037",1,"Permanent"
"11038",1,"Permanent"
"11039",1,"Permanent"
"11040",1,"Permanent"
"11041",1,"Permanent"
"11042",1,"Permanent"
"11043",1,"Permanent"
"11044",1,"Permanent"
"11045",1,"Permanent"
"11046",1,"Permanent"
"11047",1,"Permanent"
"11048",1,"Permanent"
"11049",1,"Permanent"
"11050",2,"Permanent"
"11051",2,"Permanent"
"11052",2,"Permanent"
"11053",2,"Permanent"
"11054",2,"Permanent"
"11055",2,"Permanent"
"11056",2,"Permanent"
"11057",2,"Permanent"
"11058",2,"Permanent"
"11059",2,"Permanent"
"11060",2,"Permanent"
"11061",2,"Permanent"
"11062",2,"Permanent"
"11063",2,"Permanent"
"11064",3,"Permanent"
"11065",1,"Permanent"
"11066",1,"Permanent"
"11067",1,"Permanent"
"11068",1,"Permanent"
"11069",1,"Permanent"
"11070",1,"Permanent"
"11071",1,"Permanent"
"11072",1,"Permanent"
"11073",1,"Permanent"
"11074",1,"Permanent"
"11075",1,"Permanent"
"11076",1,"Permanent"
"11077",1,"Permanent"
"11078",1,"Permanent"
"11079",1,"Permanent"
"11080",1,"Permanent"
"11081",1,"Permanent"
"11082",1,"Permanent"
"11083",2,"Permanent"
"11084",1,"Permanent"
"11085",1,"Permanent"
"11086",2,"Permanent"
"11087",2,"Permanent"
"11088",2,"Permanent"
"11089",2,"Permanent"
"11090",2,"Permanent"
"11091",1,"Permanent"
"11092",1,"Permanent"
"11093",1,"Permanent"
"11094",1,"Permanent"
"11095",1,"Permanent"
"11096",1,"Permanent"
"11097",1,"Permanent"
"11098",1,"Permanent"
"11099",1,"Permanent"
"11100",1,"Permanent"
"11101",1,"Permanent"
"11102",1,"Permanent"
"11103",1,"Permanent"
"11104",1,"Permanent"
"11105",1,"Permanent"
"11106",1,"Permanent"
"11107",1,"Permanent"
"11108",2,"Permanent"
"11109",1,"Permanent"
"11110",2,"Permanent"
"11111",2,"Permanent"
"11112",2,"Permanent"
"11113",1,"Permanent"
"11114",2,"Permanent"
"11115",2,"Permanent"
"11116",2,"Permanent"
"11117",2,"Permanent"
"11118",2,"Permanent"
"11119",2,"Permanent"
"11120",3,"Permanent"
"11121",1,"Street"
"11122",1,"Street"
"11123",1,"Street"
"11124",1,"Street"
"11125",1,"Street"
"11126",1,"Street"
"11127",1,"Street"
"11128",1,"Street"
"11129",1,"Street"
"11130",1,"Street"
"11131",1,"Street"
"11132",1,"Street"
"11133",1,"Street"
"11134",1,"Street"
"11135",2,"Street"
"11136",1,"Street"
"11137",1,"Street"
"11138",1,"Street"
"11139",2,"Street"
"11140",1,"Street"
"11141",1,"Street"
"11142",1,"Street"
"11143",1,"Street"
"11144",1,"Street"
"11145",1,"Street"
"11146",1,"Street"
"11147",1,"Street"
"11148",1,"Street"
"11149",1,"Street"
"11150",1,"Street"
"11151",1,"Street"
"11152",1,"Street"
"11153",1,"Street"
"11154",1,"Street"
"11155",1,"Street"
"11156",1,"Street"
"11157",1,"Street"
"11158",1,"Street"
"11159",1,"Street"
"11160",1,"Street"
"11161",1,"Street"
"11162",1,"Street"
"11163",2,"Street"
"11164",2,"Street"
"11165",3,"Street"
"11166",1,"Permanent"
"11167",1,"Permanent"
"11168",1,"Permanent"
"11169",1,"Permanent"
"11170",1,"Permanent"
"11171",1,"Permanent"
"11172",1,"Permanent"
"11173",1,"Permanent"
"11174",1,"Permanent"
"11175",1,"Permanent"
"11176",1,"Permanent"
"11177",1,"Permanent"
"11178",1,"Permanent"
"11179",1,"Permanent"
"11180",1,"Permanent"
"11181",1,"Permanent"
"11182",2,"Permanent"
"11183",2,"Permanent"
"11184",1,"Permanent"
"11185",2,"Permanent"
"11186",1,"Permanent"
"11187",1,"Permanent"
"11188",2,"Permanent"
"11189",1,"Street"
"11190",1,"Street"
"11191",1,"Street"
"11192",1,"Street"
"11193",1,"Street"
"11194",1,"Street"
"11195",1,"Street"
"11196",1,"Street"
"11197",1,"Street"
"11198",1,"Street"
"11199",1,"Street"
"11200",1,"Street"
"11201",1,"Street"
"11202",1,"Street"
"11203",2,"Street"
"11204",1,"Street"
"11205",1,"Street"
"11206",1,"Street"
"11207",2,"Street"
"11208",2,"Street"
"11209",3,"Street"
"11210",1,"Permanent"
"11211",1,"Permanent"
"11212",1,"Permanent"
"11213",1,"Permanent"
"11214",1,"Permanent"
"11215",1,"Permanent"
"11216",1,"Permanent"
"11217",1,"Permanent"
"11218",1,"Permanent"
"11219",1,"Permanent"
"11220",1,"Permanent"
"11221",1,"Permanent"
"11222",1,"Permanent"
"11223",1,"Permanent"
"11224",2,"Permanent"
"11225",2,"Permanent"
"11226",2,"Permanent"
"11227",3,"Permanent"
"11228",1,"Permanent"
"11229",1,"Permanent"
"11230",3,"Permanent"
"11231",1,"Permanent"
"11232",2,"Permanent"
"11233",2,"Permanent"
"11234",2,"Permanent"
"11235",2,"Permanent"
"11236",2,"Permanent"
"11237",2,"Permanent"
"11238",2,"Permanent"
"11239",2,"Permanent"
"11240",1,"Permanent"
"11241",2,"Permanent"
"11242",2,"Permanent"
"11243",2,"Permanent"
"11244",4,"Permanent"
"11245",1,"Street"
"11246",1,"Street"
"11247",1,"Street"
"11248",1,"Street"
"11249",1,"Street"
"11250",1,"Street"
"11251",1,"Street"
"11252",1,"Street"
"11253",1,"Street"
"11254",1,"Street"
"11255",1,"Street"
"11256",1,"Street"
"11257",1,"Street"
"11258",1,"Street"
"11259",2,"Street"
"11260",1,"Street"
"11261",1,"Street"
"11262",1,"Street"
"11263",1,"Street"
"11264",1,"Street"
"11265",1,"Street"
"11266",2,"Street"
"11267",2,"Street"
"11268",2,"Street"
"11269",2,"Street"
"11270",2,"Street"
"11271",2,"Street"
"11272",2,"Street"
"11273",2,"Street"
"11274",2,"Street"
"11275",2,"Street"
"11276",2,"Street"
"11277",2,"Street"
"11278",2,"Street"
"11279",2,"Street"
"11280",2,"Street"
"11281",2,"Street"
"11282",3,"Street"
"11283",3,"Street"
"11284",1,"Permanent"
"11285",1,"Permanent"
"11286",2,"Permanent"
"11287",1,"Permanent"
"11288",1,"Permanent"
"11289",1,"Permanent"
"11290",2,"Permanent"
"11291",1,"Permanent"
"11292",1,"Permanent"
"11293",1,"Permanent"
"11294",1,"Permanent"
"11295",1,"Permanent"
"11296",1,"Permanent"
"11297",1,"Permanent"
"11298",1,"Permanent"
"11299",2,"Permanent"
"11300",1,"Permanent"
"11301",1,"Permanent"
"11302",1,"Permanent"
"11303",1,"Permanent"
"11304",1,"Permanent"
"11305",2,"Permanent"
"11306",2,"Permanent"
"11307",2,"Permanent"
"11308",2,"Permanent"
"11309",2,"Permanent"
"11310",2,"Permanent"
"11311",2,"Permanent"
"11312",2,"Permanent"
"11313",3,"Permanent"
"11314",2,"Permanent"
"11315",2,"Permanent"
"11316",2,"Permanent"
"11317",2,"Permanent"
"11318",2,"Permanent"
"11319",2,"Permanent"
"11320",3,"Permanent"
"11321",2,"Permanent"
"11322",3,"Permanent"
"11323",3,"Permanent"
"11324",3,"Permanent"
"11325",3,"Permanent"
"11326",3,"Permanent"
"11327",3,"Permanent"
"11328",3,"Permanent"
"11329",3,"Permanent"
"11330",4,"Permanent"
"11331",3,"Permanent"
"11332",3,"Permanent"
"11333",3,"Permanent"
"11334",3,"Permanent"
"11335",3,"Permanent"
"11336",3,"Permanent"
"11337",4,"Permanent"
"11338",3,"Permanent"
"11339",4,"Permanent"
"11340",4,"Permanent"
"11341",4,"Permanent"
"11342",4,"Permanent"
"11343",4,"Permanent"
"11344",1,"Permanent"
"11345",1,"Permanent"
"11346",1,"Permanent"
"11347",1,"Permanent"
"11348",1,"Permanent"
"11349",1,"Permanent"
"11350",1,"Permanent"
"11351",1,"Permanent"
"11352",1,"Permanent"
"11353",1,"Permanent"
"11354",1,"Permanent"
"11355",1,"Permanent"
"11356",1,"Permanent"
"11357",1,"Permanent"
"11358",2,"Permanent"
"11359",1,"Permanent"
"11360",1,"Permanent"
"11361",1,"Permanent"
"11362",1,"Permanent"
"11363",2,"Permanent"
"11364",3,"Permanent"
"11365",3,"Permanent"
"11366",2,"Permanent"
"11367",2,"Permanent"
"11368",1,"Permanent"
"11369",2,"Permanent"
"11370",2,"Permanent"
"11371",4,"Permanent"
